tripduration,starttime,stoptime,start_station_id,start_station_name,start_station_latitude,start_station_longitude,end_station_id,end_station_name,end_station_latitude,end_station_longitude,bikeid,usertype,birth_year,gender,customer_plan
432,9/16/2013 19:22:43,9/16/2013 19:29:55,509,9 Ave & W 22 St,40.7454973,-74.00197139,442,W 27 St & 7 Ave,40.746647,-73.993915,18447,Subscriber,1951,male,
1186,12/30/2015 13:02:38,12/30/2015 13:22:25,280,E 10 St & 5 Ave,40.73331967,-73.99510132,254,W 11 St & 6 Ave,40.73532427,-73.99800419,22598,Subscriber,1945,female,
799,9/2/2017 16:27:37,9/2/2017 16:40:57,335,Washington Pl & Broadway,40.72903917,-73.99404649,540,Lexington Ave & E 29 St,40.74311555,-73.98215353,28833,Subscriber,1997,male,
238,11/15/2017 6:57:09,11/15/2017 7:01:08,146,Hudson St & Reade St,40.71625008,-74.0091059,387,Centre St & Chambers St,40.71273266,-74.0046073,21338,Subscriber,1998,female,
668,11/7/2013 15:12:07,11/7/2013 15:23:15,529,W 42 St & 8 Ave,40.7575699,-73.99098507,352,W 56 St & 6 Ave,40.76340613,-73.97722479,19888,Subscriber,1949,male,
593,8/25/2013 13:47:24,8/25/2013 13:57:17,470,W 20 St & 8 Ave,40.74345335,-74.00004031,252,MacDougal St & Washington Sq,40.73226398,-73.99852205,17859,Subscriber,1939,male,
414,5/29/2018 16:33:26,5/29/2018 16:40:21,3158,W 63 St & Broadway,40.77163851,-73.98261428,3167,Amsterdam Ave & W 73 St,40.77966809,-73.98093045,19198,Subscriber,1952,male,
1643,2/7/2014 20:24:02,2/7/2014 20:51:25,519,Pershing Square N,40.75188406,-73.97770164,147,Greenwich St & Warren St,40.71542197,-74.01121978,18718,Subscriber,1947,male,
474,10/6/2017 12:17:06,10/6/2017 12:25:00,470,W 20 St & 8 Ave,40.74345335,-74.00004031,496,E 16 St & 5 Ave,40.73726186,-73.99238967,14823,Subscriber,1996,male,
2277,9/11/2014 5:46:58,9/11/2014 6:24:55,487,E 20 St & FDR Drive,40.73314259,-73.97573881,487,E 20 St & FDR Drive,40.73314259,-73.97573881,18116,Subscriber,1946,male,
614,5/10/2018 8:02:57,5/10/2018 8:13:12,291,Madison St & Montgomery St,40.713126,-73.984844,3489,Gold St & Frankfort St,40.71069995,-74.00354147,31363,Subscriber,1943,female,
1122,8/16/2017 7:40:27,8/16/2017 7:59:10,3260,Mercer St & Bleecker St,40.72706363,-73.99662137,518,E 39 St & 2 Ave,40.74780373,-73.9734419,27590,Subscriber,1947,male,
838,11/3/2014 14:25:11,11/3/2014 14:39:09,457,Broadway & W 58 St,40.76695317,-73.98169333,318,E 43 St & Vanderbilt Ave,40.75320159,-73.9779874,20228,Subscriber,1936,male,
318,9/22/2017 6:44:27,9/22/2017 6:49:45,3255,8 Ave & W 31 St,40.75058535,-73.99468482,458,11 Ave & W 27 St,40.751396,-74.005226,15929,Subscriber,1997,male,
849,3/31/2018 14:11:49,3/31/2018 14:25:59,3137,5 Ave & E 73 St,40.77282817,-73.96685276,3292,5 Ave & E 93 St,40.7857851,-73.957481,32436,Customer,1996,male,
504,10/30/2017 14:42:18,10/30/2017 14:50:42,3233,E 48 St & 5 Ave,40.75724568,-73.97805914,454,E 51 St & 1 Ave,40.75455731,-73.96592976,17682,Subscriber,1948,male,
1231,11/21/2013 12:05:55,11/21/2013 12:26:26,442,W 27 St & 7 Ave,40.746647,-73.993915,2004,6 Ave & Broome St,40.724399,-74.004704,17293,Subscriber,1949,male,
337,6/22/2017 10:03:45,6/22/2017 10:09:22,3297,6 St & 7 Ave,40.6686627,-73.97988067,3416,7 Ave & Park Pl,40.6776147,-73.97324283,18221,Subscriber,1999,male,
496,5/4/2016 5:52:47,5/4/2016 6:01:04,477,W 41 St & 8 Ave,40.75640548,-73.9900262,469,Broadway & W 53 St,40.76344058,-73.98268129,18731,Subscriber,1941,male,
818,9/9/2014 20:00:46,9/9/2014 20:14:24,307,Canal St & Rutgers St,40.71427487,-73.98990025,307,Canal St & Rutgers St,40.71427487,-73.98990025,18020,Subscriber,1950,male,
696,9/29/2016 18:17:16,9/29/2016 18:28:52,247,Perry St & Bleecker St,40.73535398,-74.00483091,494,W 26 St & 8 Ave,40.74734825,-73.99723551,26450,Subscriber,1952,male,
1078,12/9/2017 9:55:27,12/9/2017 10:13:25,323,Lawrence St & Willoughby St,40.69236178,-73.98631746,242,Carlton Ave & Flushing Ave,40.697787,-73.973736,33235,Subscriber,1950,male,
133,12/11/2017 16:54:19,12/11/2017 16:56:33,164,E 47 St & 2 Ave,40.75323098,-73.97032517,440,E 45 St & 3 Ave,40.75255434,-73.97282625,32092,Subscriber,1951,male,
600,10/6/2017 15:01:01,10/6/2017 15:11:02,3158,W 63 St & Broadway,40.77163851,-73.98261428,3134,3 Ave & E 62 St,40.76312584,-73.96526895,31116,Subscriber,1950,female,
389,12/20/2013 6:26:51,12/20/2013 6:33:20,391,Clark St & Henry St,40.69760127,-73.99344559,278,Concord St & Bridge St,40.69766564,-73.98476437,16500,Subscriber,1951,female,
543,6/22/2015 19:15:00,6/22/2015 19:24:00,318,E 43 St & Vanderbilt Ave,40.75320159,-73.9779874,478,11 Ave & W 41 St,40.76030096,-73.99884222,20797,Subscriber,1997,male,
397,6/30/2017 17:30:50,6/30/2017 17:37:28,3462,E 44 St & 2 Ave,40.75118387,-73.97138715,3235,E 41 St & Madison Ave,40.75216528,-73.97992194,15207,Subscriber,1996,female,
1708,7/5/2016 14:13:35,7/5/2016 14:42:03,263,Elizabeth St & Hester St,40.71759082,-73.9962244,509,9 Ave & W 22 St,40.7454973,-74.00197139,25746,Subscriber,1996,male,
768,4/8/2017 12:35:47,4/8/2017 12:48:36,276,Duane St & Greenwich St,40.71748752,-74.0104554,257,Lispenard St & Broadway,40.71939226,-74.00247214,26519,Subscriber,1948,female,
1030,9/25/2015 22:52:11,9/25/2015 23:09:21,439,E 4 St & 2 Ave,40.7262807,-73.98978041,369,Washington Pl & 6 Ave,40.73224119,-74.00026394,14587,Subscriber,1950,male,
1200,12/19/2015 17:15:53,12/19/2015 17:35:54,249,Harrison St & Hudson St,40.71870987,-74.0090009,249,Harrison St & Hudson St,40.71870987,-74.0090009,19182,Subscriber,1947,male,
385,11/2/2017 13:48:15,11/2/2017 13:54:40,3242,Schermerhorn St & Court St,40.69102926,-73.99183363,3455,Schermerhorn St & 3 Ave,40.68680821,-73.98036182,26626,Subscriber,1952,female,
450,12/5/2014 9:58:18,12/5/2014 10:05:48,519,Pershing Square North,40.751873,-73.977706,465,Broadway & W 41 St,40.75513557,-73.98658032,21470,Subscriber,1950,male,
1001,11/4/2015 0:32:50,11/4/2015 0:49:32,309,Murray St & West St,40.7149787,-74.013012,462,W 22 St & 10 Ave,40.74691959,-74.00451887,20182,Subscriber,1952,male,
526,10/5/2017 20:44:47,10/5/2017 20:53:33,408,Market St & Cherry St,40.71076228,-73.99400398,2009,Catherine St & Monroe St,40.71117444,-73.99682619,27850,Subscriber,1998,male,
1276,4/24/2016 11:19:59,4/24/2016 11:41:15,427,Bus Slip & State St,40.701907,-74.013942,342,Columbia St & Rivington St,40.71739973,-73.98016555,15543,Subscriber,1942,male,
371,7/20/2016 15:55:03,7/20/2016 16:01:14,501,FDR Drive & E 35 St,40.744219,-73.97121214,472,E 32 St & Park Ave,40.7457121,-73.98194829,18622,Subscriber,1950,male,
241,7/11/2017 18:44:19,7/11/2017 18:48:21,315,South St & Gouverneur Ln,40.70355377,-74.00670227,195,Liberty St & Broadway,40.70905623,-74.01043382,15180,Subscriber,1949,male,
2049,6/20/2016 8:22:39,6/20/2016 8:56:48,406,Hicks St & Montague St,40.69512845,-73.99595065,476,E 31 St & 3 Ave,40.74394314,-73.97966069,17145,Subscriber,1998,female,
552,6/2/2016 8:17:23,6/2/2016 8:26:35,152,Warren St & Church St,40.71473993,-74.00910627,128,MacDougal St & Prince St,40.72710258,-74.00297088,15170,Subscriber,1948,male,
722,4/23/2018 11:40:49,4/23/2018 11:52:52,537,Lexington Ave & E 24 St,40.74025878,-73.98409214,401,Allen St & Rivington St,40.72019576,-73.98997825,33164,Subscriber,1998,male,
114,5/24/2018 15:11:35,5/24/2018 15:13:29,3260,Mercer St & Bleecker St,40.72706363,-73.99662137,161,LaGuardia Pl & W 3 St,40.72917025,-73.99810231,24952,Subscriber,1996,male,
1811,9/14/2017 12:18:03,9/14/2017 12:48:14,238,Bank St & Washington St,40.7361967,-74.00859207,238,Bank St & Washington St,40.7361967,-74.00859207,24933,Subscriber,1937,male,
1895,5/13/2014 17:37:55,5/13/2014 18:09:30,225,W 14 St & The High Line,40.74195138,-74.00803013,405,Washington St & Gansevoort St,40.739323,-74.008119,15677,Subscriber,1945,female,
499,8/31/2017 10:17:42,8/31/2017 10:26:02,161,LaGuardia Pl & W 3 St,40.72917025,-73.99810231,401,Allen St & Rivington St,40.72019576,-73.98997825,28791,Subscriber,1996,female,
562,9/12/2016 14:42:17,9/12/2016 14:51:40,229,Great Jones St,40.72743423,-73.99379025,147,Greenwich St & Warren St,40.71542197,-74.01121978,25353,Subscriber,1949,male,
422,4/16/2018 16:22:38,4/16/2018 16:29:40,418,Front St & Gold St,40.70224,-73.982578,321,Cadman Plaza E & Red Cross Pl,40.69991755,-73.98971773,25821,Subscriber,1943,male,
560,5/12/2017 16:42:14,5/12/2017 16:51:35,355,Bayard St & Baxter St,40.71602118,-73.99974372,432,E 7 St & Avenue A,40.72621788,-73.98379855,27034,Subscriber,1997,male,
1595,8/14/2015 21:48:08,8/14/2015 22:14:44,453,W 22 St & 8 Ave,40.74475148,-73.99915362,79,Franklin St & W Broadway,40.71911552,-74.00666661,17021,Subscriber,1951,male,
349,5/29/2014 16:40:34,5/29/2014 16:46:23,505,6 Ave & W 33 St,40.74901271,-73.98848395,444,Broadway & W 24 St,40.7423543,-73.98915076,18109,Subscriber,1952,male,
478,6/25/2016 9:33:53,6/25/2016 9:41:52,3156,E 72 St & York Ave,40.76663814,-73.95348296,3142,1 Ave & E 62 St,40.7612274,-73.96094022,18087,Subscriber,1952,male,
508,6/15/2017 7:27:17,6/15/2017 7:35:46,530,11 Ave & W 59 St,40.771522,-73.990541,281,Grand Army Plaza & Central Park S,40.7643971,-73.97371465,26419,Subscriber,1951,male,
478,8/7/2013 20:14:47,8/7/2013 20:22:45,507,E 25 St & 2 Ave,40.73912601,-73.97973776,496,E 16 St & 5 Ave,40.73726186,-73.99238967,19090,Subscriber,1950,male,
750,5/4/2014 9:19:31,5/4/2014 9:32:01,350,Clinton St & Grand St,40.71559509,-73.9870295,330,Reade St & Broadway,40.71450451,-74.00562789,21186,Subscriber,1947,male,
769,2/10/2015 21:16:00,2/10/2015 21:29:00,442,W 27 St & 7 Ave,40.746647,-73.993915,348,W Broadway & Spring St,40.72490985,-74.00154702,19013,Subscriber,1949,male,
460,12/14/2017 23:19:29,12/14/2017 23:27:10,3641,Broadway & W 25 St,40.74286877,-73.98918629,325,E 19 St & 3 Ave,40.73624527,-73.98473765,30228,Subscriber,1950,male,
77,6/20/2016 19:05:56,6/20/2016 19:07:13,310,State St & Smith St,40.68926942,-73.98912867,310,State St & Smith St,40.68926942,-73.98912867,19423,Subscriber,1997,male,
314,6/14/2017 22:31:32,6/14/2017 22:36:47,3135,E 75 St & 3 Ave,40.77112927,-73.95772297,3355,E 66 St & Madison Ave,40.76800889,-73.96845281,18857,Subscriber,1999,male,
271,8/19/2015 17:13:56,8/19/2015 17:18:27,238,Bank St & Washington St,40.7361967,-74.00859207,347,Greenwich St & W Houston St,40.728846,-74.008591,22338,Subscriber,1950,male,
771,8/6/2015 15:52:20,8/6/2015 16:05:12,466,W 25 St & 6 Ave,40.74395411,-73.99144871,527,E 33 St & 2 Ave,40.744023,-73.976056,21497,Subscriber,1948,male,
303,12/9/2013 10:34:19,12/9/2013 10:39:22,426,West St & Chambers St,40.71754834,-74.01322069,146,Hudson St & Reade St,40.71625008,-74.0091059,18931,Subscriber,1945,male,
96,2/3/2016 7:41:47,2/3/2016 7:43:23,504,1 Ave & E 15 St,40.73221853,-73.98165557,2003,1 Ave & E 18 St,40.73381219,-73.98054421,18191,Subscriber,1996,male,
1008,4/27/2016 10:02:31,4/27/2016 10:19:19,368,Carmine St & 6 Ave,40.73038599,-74.00214988,3002,South End Ave & Liberty St,40.711512,-74.015756,17686,Subscriber,1949,male,
420,10/12/2017 19:08:24,10/12/2017 19:15:24,3260,Mercer St & Bleecker St,40.72706363,-73.99662137,438,St Marks Pl & 1 Ave,40.72779126,-73.98564945,20821,Subscriber,1996,male,
931,10/25/2017 22:17:25,10/25/2017 22:32:56,403,E 2 St & 2 Ave,40.72502876,-73.99069656,317,E 6 St & Avenue B,40.72453734,-73.98185424,25969,Subscriber,1998,male,
987,6/15/2017 23:46:24,6/16/2017 0:02:51,540,Lexington Ave & E 29 St,40.74311555,-73.98215353,326,E 11 St & 1 Ave,40.72953837,-73.98426726,15178,Subscriber,1997,male,
325,11/21/2017 16:41:20,11/21/2017 16:46:46,539,Metropolitan Ave & Bedford Ave,40.71534825,-73.96024116,3016,Kent Ave & N 7 St,40.72036775,-73.96165073,25644,Subscriber,1945,male,
262,7/21/2017 15:19:52,7/21/2017 15:24:14,415,Pearl St & Hanover Square,40.7047177,-74.00926027,195,Liberty St & Broadway,40.70905623,-74.01043382,29942,Subscriber,1998,male,
943,3/23/2018 16:31:33,3/23/2018 16:47:17,537,Lexington Ave & E 24 St,40.74025878,-73.98409214,302,Avenue D & E 3 St,40.72082834,-73.97793172,32706,Subscriber,1998,male,
1567,11/10/2017 2:02:52,11/10/2017 2:28:59,127,Barrow St & Hudson St,40.73172428,-74.00674436,336,Sullivan St & Washington Sq,40.73047747,-73.99906065,25019,Subscriber,1998,male,
779,4/3/2017 12:51:42,4/3/2017 13:04:41,307,Canal St & Rutgers St,40.71427487,-73.98990025,311,Norfolk St & Broome St,40.7172274,-73.98802084,29334,Subscriber,1949,female,
391,1/22/2018 9:24:04,1/22/2018 9:30:35,257,Lispenard St & Broadway,40.71939226,-74.00247214,161,LaGuardia Pl & W 3 St,40.72917025,-73.99810231,17904,Subscriber,1997,male,
1930,6/4/2015 2:20:00,6/4/2015 2:52:00,397,Fulton St & Clermont Ave,40.68415748,-73.96922273,335,Washington Pl & Broadway,40.72903917,-73.99404649,18917,Subscriber,1996,male,
825,8/3/2016 10:12:07,8/3/2016 10:25:53,168,W 18 St & 6 Ave,40.73971301,-73.99456405,484,W 44 St & 5 Ave,40.75500254,-73.98014437,26140,Subscriber,1949,male,
827,6/7/2017 17:50:57,6/7/2017 18:04:44,3368,5 Ave & 3 St,40.6728155,-73.98352355,3315,Henry St & Degraw St,40.6847514,-73.99917254,19408,Subscriber,1949,male,
349,10/2/2014 18:22:12,10/2/2014 18:28:01,345,W 13 St & 6 Ave,40.73649403,-73.99704374,466,W 25 St & 6 Ave,40.74395411,-73.99144871,14585,Subscriber,1951,male,
1319,7/10/2017 18:47:03,7/10/2017 19:09:02,492,W 33 St & 7 Ave,40.75019995,-73.99093085,3173,Riverside Blvd & W 67 St,40.77750703,-73.98888588,16907,Subscriber,1999,female,
822,4/12/2018 12:12:40,4/12/2018 12:26:23,3132,E 59 St & Madison Ave,40.76350532,-73.97109243,3284,E 88 St & Park Ave,40.7814107,-73.95595908,31516,Subscriber,1947,male,
445,12/31/2015 17:17:23,12/31/2015 17:24:48,483,E 12 St & 3 Ave,40.73223272,-73.98889957,433,E 13 St & Avenue A,40.72955361,-73.98057249,19567,Subscriber,1949,male,
609,7/24/2015 8:01:59,7/24/2015 8:12:08,497,E 17 St & Broadway,40.73704984,-73.99009296,512,W 29 St & 9 Ave,40.7500727,-73.99839279,22919,Subscriber,1950,male,
459,8/20/2014 18:53:21,8/20/2014 19:01:00,492,W 33 St & 7 Ave,40.75019995,-73.99093085,537,Lexington Ave & E 24 St,40.74025878,-73.98409214,18594,Subscriber,1952,male,
413,11/1/2014 11:39:55,11/1/2014 11:46:48,377,6 Ave & Canal St,40.72243797,-74.00566443,161,LaGuardia Pl & W 3 St,40.72917025,-73.99810231,20506,Subscriber,1942,male,
214,11/5/2015 13:27:11,11/5/2015 13:30:46,3158,W 63 St & Broadway,40.77163851,-73.98261428,457,Broadway & W 58 St,40.76695317,-73.98169333,17396,Subscriber,1942,male,
978,10/7/2015 14:25:20,10/7/2015 14:41:38,3170,W 84 St & Columbus Ave,40.78499979,-73.97283406,3156,E 72 St & York Ave,40.76663814,-73.95348296,23133,Subscriber,1997,male,
657,9/19/2017 19:19:51,9/19/2017 19:30:49,336,Sullivan St & Washington Sq,40.73047747,-73.99906065,504,1 Ave & E 16 St,40.73221853,-73.98165557,17271,Subscriber,1997,female,
277,7/21/2017 13:46:08,7/21/2017 13:50:45,483,E 12 St & 3 Ave,40.73223272,-73.98889957,335,Washington Pl & Broadway,40.72903917,-73.99404649,28136,Subscriber,2000,female,
953,12/9/2017 5:28:13,12/9/2017 5:44:06,128,MacDougal St & Prince St,40.72710258,-74.00297088,533,Broadway & W 38 St,40.75299641,-73.98721619,20591,Subscriber,1948,male,
876,2/19/2015 9:00:00,2/19/2015 9:15:00,2010,Grand St & Greene St,40.72165481,-74.00234737,401,Allen St & Rivington St,40.72019576,-73.98997825,15374,Subscriber,1948,male,
690,11/19/2017 8:01:43,11/19/2017 8:13:14,3151,E 81 St & York Ave,40.7728384,-73.94989233,3378,E 76 St & Park Ave,40.773763,-73.96222088,32098,Subscriber,1947,male,
1573,7/21/2014 20:44:51,7/21/2014 21:11:04,355,Bayard St & Baxter St,40.71602118,-73.99974372,462,W 22 St & 10 Ave,40.74691959,-74.00451887,16996,Subscriber,1950,male,
610,8/11/2017 16:06:22,8/11/2017 16:16:32,3435,Grand St & Elizabeth St,40.718822,-73.99596,3427,Lafayette St & Jersey St,40.72430527,-73.99600983,16391,Customer,1999,male,
1019,6/19/2015 9:01:00,6/19/2015 9:18:00,478,11 Ave & W 41 St,40.76030096,-73.99884222,454,E 51 St & 1 Ave,40.75455731,-73.96592976,18192,Subscriber,1952,male,
381,11/18/2013 6:59:33,11/18/2013 7:05:54,469,Broadway & W 53 St,40.76344058,-73.98268129,137,E 56 St & Madison Ave,40.761628,-73.972924,17526,Subscriber,1951,male,
549,8/6/2015 15:25:20,8/6/2015 15:34:29,546,E 30 St & Park Ave S,40.74444921,-73.98303529,494,W 26 St & 8 Ave,40.74734825,-73.99723551,15566,Subscriber,1997,female,
726,4/20/2018 16:22:50,4/20/2018 16:34:57,540,Lexington Ave & E 29 St,40.74311555,-73.98215353,448,W 37 St & 10 Ave,40.75660359,-73.9979009,27999,Subscriber,1999,male,
1987,5/17/2017 13:28:59,5/17/2017 14:02:06,466,W 25 St & 6 Ave,40.74395411,-73.99144871,3169,Riverside Dr & W 82 St,40.78720869,-73.98128127,21243,Subscriber,1944,male,
271,3/21/2016 15:37:22,3/21/2016 15:41:54,463,9 Ave & W 16 St,40.74206539,-74.00443172,247,Perry St & Bleecker St,40.73535398,-74.00483091,22404,Subscriber,1941,male,
588,12/6/2017 22:19:30,12/6/2017 22:29:18,490,8 Ave & W 33 St,40.751551,-73.993934,537,Lexington Ave & E 24 St,40.74025878,-73.98409214,30510,Subscriber,1998,female,
743,10/19/2015 11:00:21,10/19/2015 11:12:44,379,W 31 St & 7 Ave,40.749156,-73.9916,537,Lexington Ave & E 24 St,40.74025878,-73.98409214,23362,Subscriber,1996,male,
684,6/19/2014 22:43:33,6/19/2014 22:54:57,410,Suffolk St & Stanton St,40.72066442,-73.98517977,356,Bialystoker Pl & Delancey St,40.71622644,-73.98261206,15831,Subscriber,1997,male,
248,6/28/2017 22:56:17,6/28/2017 23:00:26,3169,Riverside Dr & W 82 St,40.78720869,-73.98128127,3166,Riverside Dr & W 72 St,40.78057799,-73.98562431,27122,Subscriber,1998,male,
1365,6/18/2015 10:21:00,6/18/2015 10:44:00,434,9 Ave & W 18 St,40.74317449,-74.00366443,2006,Central Park S & 6 Ave,40.76590936,-73.97634151,15335,Subscriber,1951,male,
343,10/26/2017 15:50:16,10/26/2017 15:55:59,2008,Little West St & 1 Pl,40.70569254,-74.01677685,415,Pearl St & Hanover Square,40.7047177,-74.00926027,18850,Subscriber,1999,male,
695,5/18/2016 13:59:11,5/18/2016 14:10:46,494,W 26 St & 8 Ave,40.74734825,-73.99723551,483,E 12 St & 3 Ave,40.73223272,-73.98889957,15155,Subscriber,1946,male,
158,9/1/2016 12:28:34,9/1/2016 12:31:13,485,W 37 St & 5 Ave,40.75038009,-73.98338988,526,E 33 St & 5 Ave,40.74765947,-73.98490707,21125,Subscriber,1948,male,
1622,5/10/2016 13:08:33,5/10/2016 13:35:36,319,Fulton St & Broadway,40.711066,-74.009447,527,E 33 St & 2 Ave,40.744023,-73.976056,17282,Subscriber,1996,male,
245,12/2/2017 22:47:51,12/2/2017 22:51:56,3162,W 78 St & Broadway,40.78339981,-73.98093133,3175,W 70 St & Amsterdam Ave,40.77748046,-73.98288594,25133,Subscriber,1999,male,
309,9/27/2017 18:53:10,9/27/2017 18:58:19,3435,Grand St & Elizabeth St,40.718822,-73.99596,401,Allen St & Rivington St,40.72019576,-73.98997825,14961,Subscriber,1996,female,
1232,8/30/2015 18:06:41,8/30/2015 18:27:13,306,Cliff St & Fulton St,40.70823502,-74.00530063,430,York St & Jay St,40.7014851,-73.98656928,24352,Subscriber,1997,female,
213,6/15/2017 11:05:54,6/15/2017 11:09:27,356,Bialystoker Pl & Delancey St,40.71622644,-73.98261206,341,Stanton St & Mangin St,40.71782143,-73.97628939,25157,Subscriber,1950,female,
170,4/14/2016 13:32:29,4/14/2016 13:35:19,306,Cliff St & Fulton St,40.70823502,-74.00530063,337,Old Slip & Front St,40.7037992,-74.00838676,17100,Subscriber,1944,male,
485,9/21/2015 9:51:09,9/21/2015 9:59:14,303,Mercer St & Spring St,40.72362738,-73.99949601,254,W 11 St & 6 Ave,40.73532427,-73.99800419,15589,Subscriber,1996,male,
1078,3/10/2015 8:40:00,3/10/2015 8:58:00,293,Lafayette St & E 8 St,40.73028666,-73.9907647,484,W 44 St & 5 Ave,40.75500254,-73.98014437,20191,Subscriber,1941,male,
477,8/25/2017 15:25:23,8/25/2017 15:33:21,3348,Coffey St & Conover St,40.677236,-74.015665,3340,Wolcott St & Dwight St,40.6753274,-74.0100698,27425,Subscriber,1949,male,
630,10/20/2017 7:05:21,10/20/2017 7:15:51,519,Pershing Square North,40.751873,-73.977706,3463,E 16 St & Irving Pl,40.73536706,-73.98797393,15223,Subscriber,1950,male,
420,6/16/2017 21:59:40,6/16/2017 22:06:41,285,Broadway & E 14 St,40.73454567,-73.99074142,445,E 10 St & Avenue A,40.72740794,-73.98142006,21543,Subscriber,1997,male,
350,2/16/2018 20:42:59,2/16/2018 20:48:49,3658,W 18 St & 9 Ave,40.74353373,-74.00367558,345,W 13 St & 6 Ave,40.73649403,-73.99704374,16659,Subscriber,1933,female,
557,4/25/2016 20:01:58,4/25/2016 20:11:16,3141,1 Ave & E 68 St,40.76500525,-73.95818491,454,E 51 St & 1 Ave,40.75455731,-73.96592976,18848,Subscriber,1949,male,
429,3/26/2016 19:50:08,3/26/2016 19:57:18,151,Cleveland Pl & Spring St,40.72210379,-73.99724901,349,Rivington St & Ridge St,40.71850211,-73.98329859,19877,Subscriber,1996,male,
840,5/9/2014 9:35:57,5/9/2014 9:49:57,340,Madison St & Clinton St,40.71269042,-73.98776323,268,Howard St & Centre St,40.71910537,-73.99973337,18653,Subscriber,1997,male,
617,7/23/2017 16:07:54,7/23/2017 16:18:11,3365,3 St & 7 Ave,40.6703837,-73.97839676,3339,Berkeley Pl & 6 Ave,40.6765304,-73.97846879,17295,Subscriber,1945,female,
357,11/22/2014 19:07:29,11/22/2014 19:13:26,502,Henry St & Grand St,40.714215,-73.981346,307,Canal St & Rutgers St,40.71427487,-73.98990025,17075,Subscriber,1939,male,
353,5/24/2018 14:07:35,5/24/2018 14:13:28,412,Forsyth St & Canal St,40.7158155,-73.99422366,361,Allen St & Hester St,40.71605866,-73.99190759,30065,Subscriber,1999,male,
1208,10/25/2017 19:08:41,10/25/2017 19:28:50,385,E 55 St & 2 Ave,40.75797322,-73.96603308,393,E 5 St & Avenue C,40.72299208,-73.97995466,18977,Subscriber,1996,male,
520,8/9/2016 10:18:26,8/9/2016 10:27:07,257,Lispenard St & Broadway,40.71939226,-74.00247214,263,Elizabeth St & Hester St,40.71759082,-73.9962244,18813,Subscriber,1948,male,
486,11/3/2017 22:44:29,11/3/2017 22:52:35,319,Fulton St & Broadway,40.711066,-74.009447,3467,W Broadway & Spring Street,40.72494672,-74.00165856,17172,Subscriber,1996,female,
776,9/5/2017 18:42:26,9/5/2017 18:55:22,3049,Cambridge Pl & Gates Ave,40.68488,-73.96304,3409,Bergen St & Smith St,40.6867443,-73.99063168,21244,Subscriber,1999,male,
171,9/14/2016 13:12:47,9/14/2016 13:15:38,430,York St & Jay St,40.7014851,-73.98656928,321,Cadman Plaza E & Red Cross Pl,40.69991755,-73.98971773,23769,Subscriber,1943,male,
1230,5/18/2017 17:49:23,5/18/2017 18:09:54,412,Forsyth St & Canal St,40.7158155,-73.99422366,3427,Lafayette St & Jersey St,40.72430527,-73.99600983,28327,Subscriber,1947,male,
1210,7/30/2017 17:40:56,7/30/2017 18:01:07,3042,Fulton St & Utica Ave,40.6794268,-73.9298911,3042,Fulton St & Utica Ave,40.6794268,-73.9298911,25382,Subscriber,1999,male,
1455,9/7/2017 12:16:27,9/7/2017 12:40:42,3002,South End Ave & Liberty St,40.711512,-74.015756,279,Peck Slip & Front St,40.707873,-74.00167,30209,Customer,1997,male,
1418,12/2/2015 17:51:54,12/2/2015 18:15:33,368,Carmine St & 6 Ave,40.73038599,-74.00214988,335,Washington Pl & Broadway,40.72903917,-73.99404649,17567,Subscriber,1942,male,
473,7/24/2017 1:49:27,7/24/2017 1:57:20,3410,Dean St & Hoyt St,40.6864442,-73.98759104,3308,Kane St & Clinton St,40.6861758,-73.99645295,18998,Subscriber,1998,male,
3206,9/30/2017 7:16:45,9/30/2017 8:10:11,3295,Central Park W & W 96 St,40.79127,-73.964839,281,Grand Army Plaza & Central Park S,40.7643971,-73.97371465,31258,Subscriber,1947,male,
1490,7/25/2016 13:34:31,7/25/2016 13:59:22,367,E 53 St & Lexington Ave,40.75828065,-73.97069431,3176,W 64 St & West End Ave,40.77452835,-73.98753759,25873,Subscriber,1947,male,
187,3/13/2018 20:55:19,3/13/2018 20:58:26,499,Broadway & W 60 St,40.76915505,-73.98191841,422,W 59 St & 10 Ave,40.770513,-73.988038,20583,Subscriber,1944,unknown,
997,4/14/2015 14:03:55,4/14/2015 14:20:33,391,Clark St & Henry St,40.69760127,-73.99344559,398,Atlantic Ave & Furman St,40.69165183,-73.9999786,18237,Subscriber,1936,female,
301,4/1/2018 21:43:05,4/1/2018 21:48:06,486,Broadway & W 29 St,40.7462009,-73.98855723,334,W 20 St & 7 Ave,40.74238787,-73.99726235,28039,Subscriber,1951,male,
781,12/29/2017 18:33:27,12/29/2017 18:46:29,465,Broadway & W 41 St,40.75513557,-73.98658032,422,W 59 St & 10 Ave,40.770513,-73.988038,16414,Subscriber,2001,male,
266,4/25/2016 9:15:23,4/25/2016 9:19:49,484,W 44 St & 5 Ave,40.75500254,-73.98014437,465,Broadway & W 41 St,40.75513557,-73.98658032,21689,Subscriber,1947,male,
460,12/3/2015 14:35:01,12/3/2015 14:42:42,285,Broadway & E 14 St,40.73454567,-73.99074142,369,Washington Pl & 6 Ave,40.73224119,-74.00026394,20852,Subscriber,1942,male,
1954,4/26/2017 15:28:13,4/26/2017 16:00:48,527,E 33 St & 2 Ave,40.744023,-73.976056,3160,Central Park West & W 76 St,40.77896784,-73.97374737,19209,Subscriber,1951,female,
289,5/9/2016 9:19:52,5/9/2016 9:24:42,468,Broadway & W 55 St,40.7652654,-73.98192338,520,W 52 St & 5 Ave,40.75992262,-73.97648516,14839,Subscriber,1945,male,
517,8/1/2013 10:29:05,8/1/2013 10:37:42,72,W 52 St & 11 Ave,40.76727216,-73.99392888,528,2 Ave & E 31 St,40.74290902,-73.97706058,18281,Subscriber,1950,male,
1543,6/28/2017 13:16:30,6/28/2017 13:42:13,334,W 20 St & 7 Ave,40.74238787,-73.99726235,3359,E 68 St & Madison Ave,40.7691572,-73.96703464,29709,Subscriber,1950,male,
619,8/27/2015 1:11:31,8/27/2015 1:21:51,445,E 10 St & Avenue A,40.72740794,-73.98142006,349,Rivington St & Ridge St,40.71850211,-73.98329859,24339,Subscriber,1942,male,
2157,9/30/2013 15:56:38,9/30/2013 16:32:35,285,Broadway & E 14 St,40.73454567,-73.99074142,302,Avenue D & E 3 St,40.72082834,-73.97793172,14984,Subscriber,1951,male,
677,11/12/2017 16:53:35,11/12/2017 17:04:53,391,Clark St & Henry St,40.69760127,-73.99344559,3411,Bond St & Bergen St,40.6849668,-73.98620772,25151,Subscriber,1951,male,
207,7/22/2017 17:49:24,7/22/2017 17:52:52,3310,14 St & 7 Ave,40.663779,-73.98396846,3322,12 St & 4 Ave,40.668603,-73.9904394,30151,Subscriber,1952,male,
490,6/6/2014 16:28:06,6/6/2014 16:36:16,513,W 56 St & 10 Ave,40.768254,-73.988639,529,W 42 St & 8 Ave,40.7575699,-73.99098507,15098,Subscriber,1951,male,
608,5/20/2017 17:57:46,5/20/2017 18:07:55,407,Henry St & Poplar St,40.700469,-73.991454,3388,President St & Henry St,40.6828003,-73.99990419,18476,Subscriber,1950,female,
262,8/5/2016 9:38:53,8/5/2016 9:43:16,459,W 20 St & 11 Ave,40.746745,-74.007756,334,W 20 St & 7 Ave,40.74238787,-73.99726235,22485,Subscriber,1952,female,
498,7/19/2016 7:16:45,7/19/2016 7:25:04,487,E 20 St & FDR Drive,40.73314259,-73.97573881,527,E 33 St & 2 Ave,40.744023,-73.976056,19369,Subscriber,1948,female,
798,12/12/2017 23:56:51,12/13/2017 0:10:10,3147,E 85 St & 3 Ave,40.77801203,-73.95407149,2023,E 55 St & Lexington Ave,40.75968085,-73.97031366,31089,Subscriber,1998,male,
892,7/3/2015 3:32:01,7/3/2015 3:46:53,285,Broadway & E 14 St,40.73454567,-73.99074142,330,Reade St & Broadway,40.71450451,-74.00562789,18840,Subscriber,1998,male,
257,1/25/2018 12:09:58,1/25/2018 12:14:15,477,W 41 St & 8 Ave,40.75640548,-73.9900262,515,W 43 St & 10 Ave,40.76009437,-73.99461843,18028,Subscriber,1949,male,
182,3/1/2016 15:19:12,3/1/2016 15:22:14,280,E 10 St & 5 Ave,40.73331967,-73.99510132,369,Washington Pl & 6 Ave,40.73224119,-74.00026394,20325,Subscriber,1949,male,
713,9/2/2015 22:27:30,9/2/2015 22:39:24,382,University Pl & E 14 St,40.73492695,-73.99200509,394,E 9 St & Avenue C,40.72521311,-73.97768752,19324,Subscriber,1950,male,
283,5/28/2018 16:27:23,5/28/2018 16:32:07,3409,Bergen St & Smith St,40.6867443,-73.99063168,3412,Pacific St & Nevins St,40.6853761,-73.98302136,30177,Subscriber,1998,male,
1249,9/25/2017 14:09:03,9/25/2017 14:29:53,3152,3 Ave & E 71 St,40.76873687,-73.96119945,3293,W 92 St & Broadway,40.7921,-73.9739,31000,Subscriber,1951,male,
400,4/26/2017 12:48:02,4/26/2017 12:54:43,2003,1 Ave & E 18 St,40.73381219,-73.98054421,483,E 12 St & 3 Ave,40.73223272,-73.98889957,16021,Subscriber,1996,female,
1636,4/19/2018 17:30:13,4/19/2018 17:57:29,520,W 52 St & 5 Ave,40.75992262,-73.97648516,3166,Riverside Dr & W 72 St,40.78057799,-73.98562431,28205,Subscriber,1999,female,
376,9/28/2016 9:34:11,9/28/2016 9:40:28,379,W 31 St & 7 Ave,40.749156,-73.9916,537,Lexington Ave & E 24 St,40.74025878,-73.98409214,25977,Subscriber,1996,male,
476,8/23/2016 20:07:06,8/23/2016 20:15:03,3168,Central Park West & W 85 St,40.78472675,-73.96961715,3148,E 84 St & 1 Ave,40.77565541,-73.95068615,22498,Subscriber,1996,female,
410,2/14/2018 22:21:33,2/14/2018 22:28:23,3528,Steinway St & 23 Ave,40.7713937,-73.9077436,3662,31 Ave & Steinway St,40.7612939,-73.91691685,18544,Subscriber,1998,female,
574,7/18/2014 10:48:42,7/18/2014 10:58:16,293,Lafayette St & E 8 St,40.73028666,-73.9907647,2010,Grand St & Greene St,40.72165481,-74.00234737,18483,Subscriber,1952,female,
409,9/22/2017 8:32:33,9/22/2017 8:39:23,127,Barrow St & Hudson St,40.73172428,-74.00674436,335,Washington Pl & Broadway,40.72903917,-73.99404649,25221,Subscriber,1997,male,
358,6/16/2015 2:40:00,6/16/2015 2:46:00,314,Cadman Plaza West & Montague St,40.69383,-73.990539,416,Cumberland St & Lafayette Ave,40.68753406,-73.97265183,17857,Subscriber,1997,male,
678,4/17/2017 23:17:36,4/17/2017 23:28:55,432,E 7 St & Avenue A,40.72621788,-73.98379855,383,Greenwich Ave & Charles St,40.735238,-74.000271,15023,Subscriber,1940,male,
507,10/19/2017 10:21:50,10/19/2017 10:30:17,537,Lexington Ave & E 24 St,40.74025878,-73.98409214,3244,University Pl & E 8 St,40.73143724,-73.99490342,28225,Subscriber,1997,male,
809,5/30/2018 20:44:32,5/30/2018 20:58:02,3375,3 Ave & E 72 St,40.7699426,-73.96060712,455,1 Ave & E 44 St,40.75001986,-73.96905301,14684,Subscriber,2000,male,
106,8/14/2017 19:36:45,8/14/2017 19:38:31,355,Bayard St & Baxter St,40.71602118,-73.99974372,355,Bayard St & Baxter St,40.71602118,-73.99974372,27314,Subscriber,1943,female,
468,8/26/2013 17:10:36,8/26/2013 17:18:24,442,W 27 St & 7 Ave,40.746647,-73.993915,380,W 4 St & 7 Ave S,40.73401143,-74.00293877,14874,Subscriber,1951,male,
344,8/3/2015 19:01:04,8/3/2015 19:06:49,479,9 Ave & W 45 St,40.76019252,-73.9912551,515,W 43 St & 10 Ave,40.76009437,-73.99461843,22401,Subscriber,1951,male,
383,11/3/2015 18:40:40,11/3/2015 18:47:03,147,Greenwich St & Warren St,40.71542197,-74.01121978,224,Spruce St & Nassau St,40.71146364,-74.00552427,19771,Subscriber,1945,male,
927,7/2/2016 14:54:30,7/2/2016 15:09:57,383,Greenwich Ave & Charles St,40.735238,-74.000271,2008,Little West St & 1 Pl,40.70569254,-74.01677685,25869,Subscriber,1950,male,
432,12/21/2017 18:18:00,12/21/2017 18:25:12,3164,Columbus Ave & W 72 St,40.7770575,-73.97898475,2006,Central Park S & 6 Ave,40.76590936,-73.97634151,25035,Subscriber,1998,male,
2261,9/22/2014 17:08:08,9/22/2014 17:45:49,499,Broadway & W 60 St,40.76915505,-73.98191841,375,Mercer St & Bleecker St,40.72679454,-73.99695094,18158,Subscriber,1946,male,
233,9/13/2013 17:26:53,9/13/2013 17:30:46,79,Franklin St & W Broadway,40.71911552,-74.00666661,152,Warren St & Church St,40.71473993,-74.00910627,15802,Subscriber,1900,male,
665,9/22/2017 12:38:59,9/22/2017 12:50:05,354,Emerson Pl & Myrtle Ave,40.69363137,-73.96223558,420,Clermont Ave & Lafayette Ave,40.68764484,-73.96968902,21622,Customer,1996,female,
432,3/25/2016 15:59:48,3/25/2016 16:07:01,484,W 44 St & 5 Ave,40.75500254,-73.98014437,529,W 42 St & 8 Ave,40.7575699,-73.99098507,20958,Subscriber,1950,male,
1774,7/26/2017 18:33:16,7/26/2017 19:02:50,316,Fulton St & William St,40.70955958,-74.00653609,433,E 13 St & Avenue A,40.72955361,-73.98057249,17506,Subscriber,1996,male,
252,10/23/2017 6:51:15,10/23/2017 6:55:28,3152,3 Ave & E 71 St,40.76873687,-73.96119945,3378,E 76 St & Park Ave,40.773763,-73.96222088,31055,Subscriber,1943,male,
843,6/7/2015 12:06:00,6/7/2015 12:20:00,385,E 55 St & 2 Ave,40.75797322,-73.96603308,474,5 Ave & E 29 St,40.7451677,-73.98683077,21177,Subscriber,1997,female,
5861,9/14/2017 15:51:00,9/14/2017 17:28:42,3314,W 95 St & Broadway,40.7937704,-73.971888,3163,Central Park West & W 68 St,40.7734066,-73.97782542,30926,Subscriber,1996,male,
1999,7/6/2017 16:24:42,7/6/2017 16:58:01,476,E 31 St & 3 Ave,40.74394314,-73.97966069,406,Hicks St & Montague St,40.69512845,-73.99595065,28017,Subscriber,1923,male,
294,5/20/2015 8:36:39,5/20/2015 8:41:33,238,Bank St & Washington St,40.7361967,-74.00859207,404,9 Ave & W 14 St,40.7405826,-74.00550867,17387,Subscriber,1950,male,
1290,4/4/2017 13:51:32,4/4/2017 14:13:03,524,W 43 St & 6 Ave,40.75527307,-73.98316936,3156,E 72 St & York Ave,40.76663814,-73.95348296,17966,Subscriber,1949,male,
156,2/22/2016 16:30:00,2/22/2016 16:32:36,380,W 4 St & 7 Ave S,40.73401143,-74.00293877,127,Barrow St & Hudson St,40.73172428,-74.00674436,23237,Subscriber,1944,male,
316,8/16/2013 14:26:54,8/16/2013 14:32:10,312,Allen St & E Houston St,40.722055,-73.989111,361,Allen St & Hester St,40.71605866,-73.99190759,16042,Subscriber,1946,male,
165,10/11/2013 19:34:00,10/11/2013 19:36:45,146,Hudson St & Reade St,40.71625008,-74.0091059,147,Greenwich St & Warren St,40.71542197,-74.01121978,17096,Subscriber,1947,male,
230,5/3/2018 11:29:35,5/3/2018 11:33:26,406,Hicks St & Montague St,40.69512845,-73.99595065,3242,Schermerhorn St & Court St,40.69102926,-73.99183363,14928,Subscriber,1923,male,
773,5/7/2017 15:38:19,5/7/2017 15:51:12,522,E 51 St & Lexington Ave,40.75714758,-73.97207836,488,W 39 St & 9 Ave,40.75645824,-73.99372222,17950,Subscriber,2001,male,
826,6/8/2017 7:59:05,6/8/2017 8:12:52,523,W 38 St & 8 Ave,40.75466591,-73.99138152,297,E 15 St & 3 Ave,40.734232,-73.986923,17685,Subscriber,1997,female,
540,7/19/2017 0:03:51,7/19/2017 0:12:51,483,E 12 St & 3 Ave,40.73223272,-73.98889957,540,Lexington Ave & E 29 St,40.74311555,-73.98215353,29360,Subscriber,1996,male,
1727,7/26/2017 9:32:11,7/26/2017 10:00:58,523,W 38 St & 8 Ave,40.75466591,-73.99138152,195,Liberty St & Broadway,40.70905623,-74.01043382,17633,Subscriber,1949,female,
538,5/27/2016 18:27:44,5/27/2016 18:36:43,453,W 22 St & 8 Ave,40.74475148,-73.99915362,461,E 20 St & 2 Ave,40.73587678,-73.98205027,20271,Subscriber,1998,female,
229,10/4/2015 10:08:20,10/4/2015 10:12:10,522,E 51 St & Lexington Ave,40.75714758,-73.97207836,352,W 56 St & 6 Ave,40.76340613,-73.97722479,22863,Subscriber,1996,unknown,
179,8/24/2017 18:20:51,8/24/2017 18:23:51,3342,Pioneer St & Richards St,40.6777748,-74.0094613,3348,Coffey St & Conover St,40.677236,-74.015665,19822,Subscriber,1949,male,
494,8/19/2016 15:50:02,8/19/2016 15:58:17,3139,E 72 St & Park Ave,40.77118288,-73.96409422,3164,Columbus Ave & W 72 St,40.7770575,-73.97898475,15962,Subscriber,1952,male,
697,11/6/2013 15:14:04,11/6/2013 15:25:41,264,Maiden Ln & Pearl St,40.70706456,-74.00731853,519,Pershing Square N,40.75188406,-73.97770164,16616,Subscriber,1948,male,
1765,8/2/2017 9:16:30,8/2/2017 9:45:56,3427,Lafayette St & Jersey St,40.72430527,-73.99600983,3115,India St & Manhattan Ave,40.73232194,-73.9550858,16964,Subscriber,1998,male,
291,1/15/2018 11:23:47,1/15/2018 11:28:39,469,Broadway & W 53 St,40.76344058,-73.98268129,72,W 52 St & 11 Ave,40.76727216,-73.99392888,30438,Subscriber,1996,female,
638,6/3/2017 19:39:53,6/3/2017 19:50:31,433,E 13 St & Avenue A,40.72955361,-73.98057249,345,W 13 St & 6 Ave,40.73649403,-73.99704374,17429,Subscriber,1998,female,
458,4/28/2014 14:00:57,4/28/2014 14:08:35,2004,6 Ave & Broome St,40.724399,-74.004704,386,Centre St & Worth St,40.71494807,-74.00234482,21052,Subscriber,1952,male,
564,8/29/2017 8:47:14,8/29/2017 8:56:38,387,Centre St & Chambers St,40.71273266,-74.0046073,401,Allen St & Rivington St,40.72019576,-73.98997825,28580,Subscriber,1997,male,
151,1/13/2016 13:51:14,1/13/2016 13:53:45,3137,5 Ave & E 73 St,40.77282817,-73.96685276,3143,5 Ave & E 78 St,40.77682863,-73.96388769,17956,Subscriber,1950,female,
414,5/17/2017 8:55:38,5/17/2017 9:02:32,3263,Cooper Square & E 7 St,40.7292365,-73.99086803,345,W 13 St & 6 Ave,40.73649403,-73.99704374,18478,Subscriber,1945,male,
177,9/22/2016 7:16:37,9/22/2016 7:19:34,228,E 48 St & 3 Ave,40.7546011,-73.97187886,367,E 53 St & Lexington Ave,40.75828065,-73.97069431,16976,Subscriber,1949,male,
695,9/24/2013 19:02:04,9/24/2013 19:13:39,523,W 38 St & 8 Ave,40.75466591,-73.99138152,478,11 Ave & W 41 St,40.76030096,-73.99884222,16761,Subscriber,1952,male,
697,5/16/2017 18:52:18,5/16/2017 19:03:56,3255,8 Ave & W 31 St,40.75058535,-73.99468482,346,Bank St & Hudson St,40.73652889,-74.00618026,25637,Subscriber,1937,female,
418,7/20/2017 17:21:42,7/20/2017 17:28:40,317,E 6 St & Avenue B,40.72453734,-73.98185424,483,E 12 St & 3 Ave,40.73223272,-73.98889957,17538,Subscriber,1997,male,
1474,6/23/2014 8:42:18,6/23/2014 9:06:52,477,W 41 St & 8 Ave,40.75640548,-73.9900262,439,E 4 St & 2 Ave,40.7262807,-73.98978041,18309,Subscriber,1942,male,
529,8/24/2016 12:30:32,8/24/2016 12:39:22,236,St Marks Pl & 2 Ave,40.7284186,-73.98713956,336,Sullivan St & Washington Sq,40.73047747,-73.99906065,25803,Subscriber,1946,female,
340,7/3/2017 6:02:57,7/3/2017 6:08:37,419,Carlton Ave & Park Ave,40.69580705,-73.97355569,243,Fulton St & Rockwell Pl,40.688226,-73.979382,27830,Subscriber,1996,unknown,
415,4/19/2017 18:08:15,4/19/2017 18:15:11,3443,W 52 St & 6 Ave,40.76132983,-73.97982001,423,W 54 St & 9 Ave,40.76584941,-73.98690506,25234,Subscriber,1951,male,
232,9/22/2016 22:10:45,9/22/2016 22:14:38,3079,Leonard St & Grand St,40.71103537,-73.94714303,3080,S 4 St & Rodney St,40.70934,-73.95608,24017,Subscriber,1996,female,
2227,6/3/2014 13:53:01,6/3/2014 14:30:08,312,Allen St & E Houston St,40.722055,-73.989111,512,W 29 St & 9 Ave,40.7500727,-73.99839279,15455,Subscriber,1949,male,
690,6/11/2014 16:00:13,6/11/2014 16:11:43,146,Hudson St & Reade St,40.71625008,-74.0091059,263,Elizabeth St & Hester St,40.71729,-73.996375,17715,Subscriber,1947,male,
553,1/27/2018 16:55:56,1/27/2018 17:05:10,523,W 38 St & 8 Ave,40.75466591,-73.99138152,485,W 37 St & 5 Ave,40.75038009,-73.98338988,19421,Subscriber,1996,male,
137,7/8/2014 21:23:29,7/8/2014 21:25:46,79,Franklin St & W Broadway,40.71911552,-74.00666661,257,Lispenard St & Broadway,40.71939226,-74.00247214,20812,Subscriber,1996,male,
466,9/1/2015 12:24:25,9/1/2015 12:32:12,386,Centre St & Worth St,40.71494807,-74.00234482,348,W Broadway & Spring St,40.72490985,-74.00154702,22604,Subscriber,1952,male,
545,7/11/2016 16:36:01,7/11/2016 16:45:06,3158,W 63 St & Broadway,40.77163851,-73.98261428,2021,W 45 St & 8 Ave,40.75929124,-73.98859651,25323,Subscriber,1952,male,
887,7/1/2017 12:59:15,7/1/2017 13:14:03,3176,W 64 St & West End Ave,40.77452835,-73.98753759,449,W 52 St & 9 Ave,40.76461837,-73.98789473,28519,Subscriber,1942,male,
1631,10/13/2017 7:44:20,10/13/2017 8:11:32,3146,E 81 St & 3 Ave,40.77573034,-73.9567526,434,9 Ave & W 18 St,40.74317449,-74.00366443,27763,Subscriber,1999,male,
309,8/18/2014 8:15:45,8/18/2014 8:20:54,318,E 43 St & Vanderbilt Ave,40.75320159,-73.9779874,485,W 37 St & 5 Ave,40.75038009,-73.98338988,17567,Subscriber,1952,male,
202,9/20/2013 17:27:35,9/20/2013 17:30:57,435,W 21 St & 6 Ave,40.74173969,-73.99415556,453,W 22 St & 8 Ave,40.74475148,-73.99915362,17131,Subscriber,1941,male,
1150,3/30/2018 5:54:16,3/30/2018 6:13:27,3329,Degraw St & Smith St,40.6829151,-73.99318208,3664,North Moore St & Greenwich St,40.72019521,-74.01030064,25438,Subscriber,1952,male,
1065,5/23/2017 18:54:46,5/23/2017 19:12:32,480,W 53 St & 10 Ave,40.76669671,-73.99061728,442,W 27 St & 7 Ave,40.746647,-73.993915,25798,Subscriber,1998,male,
1038,6/17/2017 15:51:46,6/17/2017 16:09:04,173,Broadway & W 49 St,40.76068327,-73.98452729,444,Broadway & W 24 St,40.7423543,-73.98915076,16147,Subscriber,1950,male,
269,3/10/2016 17:39:04,3/10/2016 17:43:34,3165,Central Park West & W 72 St,40.77579377,-73.97620574,3137,5 Ave & E 73 St,40.77282817,-73.96685276,17746,Subscriber,1945,male,
394,10/17/2015 16:40:55,10/17/2015 16:47:30,546,E 30 St & Park Ave S,40.74444921,-73.98303529,455,1 Ave & E 44 St,40.75001986,-73.96905301,19138,Subscriber,1950,male,
503,7/9/2017 13:25:30,7/9/2017 13:33:53,485,W 37 St & 5 Ave,40.75038009,-73.98338988,3443,W 52 St & 6 Ave,40.76132983,-73.97982001,15181,Subscriber,1949,male,
1052,7/13/2017 9:59:57,7/13/2017 10:17:29,401,Allen St & Rivington St,40.72019576,-73.98997825,2012,E 27 St & 1 Ave,40.739445,-73.976806,25681,Customer,1998,male,
610,7/28/2016 13:51:57,7/28/2016 14:02:07,392,Jay St & Tech Pl,40.695065,-73.987167,217,Old Fulton St,40.70277159,-73.99383605,15786,Subscriber,1948,male,
1235,6/9/2017 9:39:16,6/9/2017 9:59:51,253,W 13 St & 5 Ave,40.73543934,-73.99453948,428,E 3 St & 1 Ave,40.72467721,-73.98783413,21287,Subscriber,1948,male,
1761,11/8/2013 9:03:35,11/8/2013 9:32:56,519,Pershing Square N,40.75188406,-73.97770164,386,Centre St & Worth St,40.71494807,-74.00234482,15040,Subscriber,1951,male,
178,6/6/2017 17:04:58,6/6/2017 17:07:56,450,W 49 St & 8 Ave,40.76227205,-73.98788205,495,W 47 St & 10 Ave,40.76269882,-73.99301222,17891,Subscriber,1999,male,
356,5/27/2017 13:41:30,5/27/2017 13:47:26,465,Broadway & W 41 St,40.75513557,-73.98658032,3236,W 42 St & Dyer Ave,40.75898481,-73.99379969,21443,Subscriber,2000,female,
568,3/13/2016 8:23:14,3/13/2016 8:32:43,151,Cleveland Pl & Spring St,40.72210379,-73.99724901,345,W 13 St & 6 Ave,40.73649403,-73.99704374,22300,Subscriber,1952,female,
651,3/27/2018 19:45:52,3/27/2018 19:56:44,268,Howard St & Centre St,40.71910537,-73.99973337,2009,Catherine St & Monroe St,40.71117444,-73.99682619,27765,Subscriber,1949,male,
874,3/28/2016 21:20:11,3/28/2016 21:34:45,516,E 47 St & 1 Ave,40.75206862,-73.96784384,475,E 16 St & Irving Pl,40.73524276,-73.98758561,19445,Subscriber,1996,male,
613,6/28/2015 19:15:00,6/28/2015 19:25:00,254,W 11 St & 6 Ave,40.73532427,-73.99800419,404,9 Ave & W 14 St,40.7405826,-74.00550867,21325,Subscriber,1950,male,
660,2/27/2018 14:18:58,2/27/2018 14:29:58,3132,E 59 St & Madison Ave,40.76350532,-73.97109243,479,9 Ave & W 45 St,40.76019252,-73.9912551,30878,Subscriber,1947,male,
512,1/17/2018 19:55:58,1/17/2018 20:04:30,528,2 Ave & E 31 St,40.74290902,-73.97706058,487,E 20 St & FDR Drive,40.73314259,-73.97573881,32907,Subscriber,1996,male,
140,8/21/2017 17:09:34,8/21/2017 17:11:54,504,1 Ave & E 16 St,40.73221853,-73.98165557,433,E 13 St & Avenue A,40.72955361,-73.98057249,25148,Subscriber,1997,female,
1175,3/9/2016 17:07:36,3/9/2016 17:27:12,2022,E 60 St & York Ave,40.759107,-73.959223,488,W 39 St & 9 Ave,40.75645824,-73.99372222,20186,Subscriber,1947,male,
400,3/22/2018 14:13:43,3/22/2018 14:20:24,490,8 Ave & W 33 St,40.751551,-73.993934,472,E 32 St & Park Ave,40.7457121,-73.98194829,26414,Subscriber,1951,male,
1402,3/19/2018 12:06:55,3/19/2018 12:30:17,3260,Mercer St & Bleecker St,40.72706363,-73.99662137,2012,E 27 St & 1 Ave,40.739445,-73.976806,33312,Subscriber,1942,male,
763,5/17/2017 11:53:26,5/17/2017 12:06:09,331,Pike St & Monroe St,40.71173107,-73.99193043,3263,Cooper Square & E 7 St,40.7292365,-73.99086803,25694,Subscriber,1998,female,
697,3/20/2016 16:12:05,3/20/2016 16:23:43,281,Grand Army Plaza & Central Park S,40.7643971,-73.97371465,153,E 40 St & 5 Ave,40.75206231,-73.9816324,21574,Subscriber,1950,female,
1176,5/14/2015 21:54:05,5/14/2015 22:13:42,499,Broadway & W 60 St,40.76915505,-73.98191841,526,E 33 St & 5 Ave,40.74765947,-73.98490707,20361,Subscriber,1946,male,
302,9/20/2017 11:37:06,9/20/2017 11:42:09,309,Murray St & West St,40.7149787,-74.013012,3002,South End Ave & Liberty St,40.711512,-74.015756,30149,Subscriber,1939,male,
415,8/16/2017 15:26:21,8/16/2017 15:33:17,3132,E 59 St & Madison Ave,40.76350532,-73.97109243,359,E 47 St & Park Ave,40.75510267,-73.97498696,17651,Subscriber,1951,male,
246,9/17/2015 9:16:39,9/17/2015 9:20:45,285,Broadway & E 14 St,40.73454567,-73.99074142,294,Washington Square E,40.73049393,-73.9957214,19994,Subscriber,1996,male,
181,6/1/2016 15:30:35,6/1/2016 15:33:37,3164,Columbus Ave & W 72 St,40.7770575,-73.97898475,3163,Central Park West & W 68 St,40.7734066,-73.97782542,16682,Subscriber,1996,male,
763,4/19/2018 17:05:06,4/19/2018 17:17:49,432,E 7 St & Avenue A,40.72621788,-73.98379855,340,Madison St & Clinton St,40.71269042,-73.98776323,31898,Subscriber,1996,male,
746,7/18/2014 14:41:17,7/18/2014 14:53:43,483,E 12 St & 3 Ave,40.73223272,-73.98889957,482,W 15 St & 7 Ave,40.73935542,-73.99931783,19505,Subscriber,1949,female,
296,10/13/2014 6:05:38,10/13/2014 6:10:34,502,Henry St & Grand St,40.714215,-73.981346,311,Norfolk St & Broome St,40.7172274,-73.98802084,16744,Subscriber,1950,female,
1056,5/16/2018 18:00:52,5/16/2018 18:18:29,358,Christopher St & Greenwich St,40.73291553,-74.00711384,445,E 10 St & Avenue A,40.72740794,-73.98142006,30466,Customer,1997,female,
280,5/11/2016 10:46:30,5/11/2016 10:51:11,426,West St & Chambers St,40.71754834,-74.01322069,387,Centre St & Chambers St,40.71273266,-74.0046073,17930,Subscriber,1996,female,
1038,4/5/2016 15:11:31,4/5/2016 15:28:50,260,Broad St & Bridge St,40.70365182,-74.01167797,412,Forsyth St & Canal St,40.7158155,-73.99422366,15441,Subscriber,1998,female,
759,5/16/2018 22:03:38,5/16/2018 22:16:17,531,Forsyth St & Broome St,40.71893904,-73.99266288,415,Pearl St & Hanover Square,40.7047177,-74.00926027,28406,Subscriber,1996,male,
219,5/7/2018 16:04:45,5/7/2018 16:08:24,355,Bayard St & Baxter St,40.71602118,-73.99974372,3435,Grand St & Elizabeth St,40.718822,-73.99596,25611,Subscriber,1997,male,
1168,8/19/2016 14:58:34,8/19/2016 15:18:02,3140,1 Ave & E 78 St,40.77140426,-73.9535166,3167,Amsterdam Ave & W 73 St,40.77966809,-73.98093045,26003,Subscriber,1945,male,
608,8/12/2016 20:32:08,8/12/2016 20:42:17,490,8 Ave & W 33 St,40.751551,-73.993934,527,E 33 St & 2 Ave,40.744023,-73.976056,17105,Subscriber,1951,female,
193,10/30/2017 15:19:38,10/30/2017 15:22:52,3242,Schermerhorn St & Court St,40.69102926,-73.99183363,3298,Warren St & Court St,40.686371,-73.99383324,19390,Subscriber,1996,female,
541,3/4/2014 8:48:44,3/4/2014 8:57:45,161,LaGuardia Pl & W 3 St,40.72917025,-73.99810231,433,E 13 St & Avenue A,40.72955361,-73.98057249,17457,Subscriber,1952,male,
218,2/28/2018 13:51:14,2/28/2018 13:54:53,127,Barrow St & Hudson St,40.73172428,-74.00674436,336,Sullivan St & Washington Sq,40.73047747,-73.99906065,31651,Subscriber,1997,male,
272,4/11/2015 19:18:50,4/11/2015 19:23:23,327,Vesey Pl & River Terrace,40.7153379,-74.01658354,147,Greenwich St & Warren St,40.71542197,-74.01121978,17692,Subscriber,1952,male,
602,4/7/2014 13:56:40,4/7/2014 14:06:42,161,LaGuardia Pl & W 3 St,40.72917025,-73.99810231,433,E 13 St & Avenue A,40.72955361,-73.98057249,15188,Subscriber,1952,male,
1136,8/28/2016 15:00:22,8/28/2016 15:19:19,304,Broadway & Battery Pl,40.70463334,-74.01361706,3002,South End Ave & Liberty St,40.711512,-74.015756,22046,Subscriber,1944,male,
659,12/15/2014 18:47:42,12/15/2014 18:58:41,423,W 54 St & 9 Ave,40.76584941,-73.98690506,359,E 47 St & Park Ave,40.75510267,-73.97498696,18862,Subscriber,1952,male,
387,1/18/2018 14:10:03,1/18/2018 14:16:31,3161,W 76 St & Columbus Ave,40.78018397,-73.97728533,3226,W 82 St & Central Park West,40.78275,-73.97137,15556,Subscriber,1950,male,
381,5/6/2017 21:17:52,5/6/2017 21:24:13,3368,5 Ave & 3 St,40.6728155,-73.98352355,3354,3 St & Prospect Park West,40.668132,-73.97363831,27790,Subscriber,2000,male,
186,9/5/2017 17:40:58,9/5/2017 17:44:04,301,E 2 St & Avenue B,40.72217444,-73.98368779,445,E 10 St & Avenue A,40.72740794,-73.98142006,25485,Subscriber,1997,male,
62,9/18/2017 21:18:48,9/18/2017 21:19:51,161,LaGuardia Pl & W 3 St,40.72917025,-73.99810231,161,LaGuardia Pl & W 3 St,40.72917025,-73.99810231,30082,Subscriber,1996,female,
399,12/22/2017 9:07:00,12/22/2017 9:13:40,3142,1 Ave & E 62 St,40.7612274,-73.96094022,164,E 47 St & 2 Ave,40.75323098,-73.97032517,27280,Subscriber,1952,male,
559,11/27/2017 18:05:17,11/27/2017 18:14:37,3576,Park Pl & Vanderbilt Ave,40.6767,-73.969024,3306,10 St & 7 Ave,40.6662078,-73.98199886,15597,Subscriber,2001,male,
562,5/28/2016 7:25:20,5/28/2016 7:34:42,356,Bialystoker Pl & Delancey St,40.71622644,-73.98261206,263,Elizabeth St & Hester St,40.71729,-73.996375,25095,Subscriber,1946,male,
496,9/9/2016 16:11:00,9/9/2016 16:19:16,397,Fulton St & Clermont Ave,40.68415748,-73.96922273,390,Duffield St & Willoughby St,40.69221589,-73.9842844,18507,Subscriber,1997,male,
698,5/8/2017 21:41:54,5/8/2017 21:53:32,525,W 34 St & 11 Ave,40.75594159,-74.0021163,505,6 Ave & W 33 St,40.74901271,-73.98848395,18668,Subscriber,1999,male,
248,10/17/2013 9:53:25,10/17/2013 9:57:33,356,Bialystoker Pl & Delancey St,40.71622644,-73.98261206,311,Norfolk St & Broome St,40.7172274,-73.98802084,18542,Subscriber,1948,male,
246,6/9/2017 20:56:08,6/9/2017 21:00:15,3381,3 St & Hoyt St,40.6777287,-73.99364123,3398,Smith St & 9 St,40.6746957,-73.99785768,19760,Subscriber,1945,male,
643,3/29/2018 11:44:34,3/29/2018 11:55:17,445,E 10 St & Avenue A,40.72740794,-73.98142006,253,W 13 St & 5 Ave,40.73543934,-73.99453948,31382,Subscriber,1996,male,
241,9/28/2017 19:59:02,9/28/2017 20:03:03,483,E 12 St & 3 Ave,40.73223272,-73.98889957,252,MacDougal St & Washington Sq,40.73226398,-73.99852205,25158,Subscriber,1998,male,
273,8/31/2017 9:54:33,8/31/2017 9:59:07,435,W 21 St & 6 Ave,40.74173969,-73.99415556,505,6 Ave & W 33 St,40.74901271,-73.98848395,26383,Subscriber,1947,male,
657,8/8/2016 9:16:33,8/8/2016 9:27:31,347,Greenwich St & W Houston St,40.728846,-74.008591,442,W 27 St & 7 Ave,40.746647,-73.993915,25223,Subscriber,1952,male,
752,8/6/2014 13:34:54,8/6/2014 13:47:26,334,W 20 St & 7 Ave,40.74238787,-73.99726235,347,W Houston St & Hudson St,40.72873888,-74.00748842,14996,Subscriber,1997,male,
1312,9/26/2016 14:29:51,9/26/2016 14:51:44,3233,E 48 St & 5 Ave,40.75724568,-73.97805914,470,W 20 St & 8 Ave,40.74345335,-74.00004031,18736,Subscriber,1998,male,
677,11/20/2015 17:25:02,11/20/2015 17:36:20,511,E 14 St & Avenue B,40.72938685,-73.97772429,509,9 Ave & W 22 St,40.7454973,-74.00197139,23259,Subscriber,1900,male,
331,6/23/2016 20:12:38,6/23/2016 20:18:10,479,9 Ave & W 45 St,40.76019252,-73.9912551,493,W 45 St & 6 Ave,40.7568001,-73.98291153,18549,Subscriber,1951,male,
348,1/15/2016 17:30:22,1/15/2016 17:36:10,503,E 20 St & Park Ave,40.73827428,-73.98751968,174,E 25 St & 1 Ave,40.7381765,-73.97738662,23721,Subscriber,1999,male,
481,10/22/2015 21:15:25,10/22/2015 21:23:27,284,Greenwich Ave & 8 Ave,40.73901691,-74.00263761,2004,6 Ave & Broome St,40.724399,-74.004704,19187,Subscriber,1946,male,
1363,10/6/2015 12:27:44,10/6/2015 12:50:28,474,5 Ave & E 29 St,40.7451677,-73.98683077,334,W 20 St & 7 Ave,40.74238787,-73.99726235,23358,Subscriber,1948,male,
688,7/12/2017 16:25:51,7/12/2017 16:37:19,305,E 58 St & 3 Ave,40.76095756,-73.96724467,3370,E 78 St & 2 Ave,40.7727966,-73.95577801,20261,Subscriber,1952,male,
1871,5/2/2018 9:28:47,5/2/2018 9:59:58,3235,E 41 St & Madison Ave,40.75216528,-73.97992194,308,St James Pl & Oliver St,40.71307916,-73.99851193,31652,Subscriber,1951,male,
836,10/5/2017 23:14:12,10/5/2017 23:28:09,403,E 2 St & 2 Ave,40.72502876,-73.99069656,442,W 27 St & 7 Ave,40.746647,-73.993915,19907,Subscriber,1996,male,
256,4/8/2016 8:12:29,4/8/2016 8:16:45,342,Columbia St & Rivington St,40.71739973,-73.98016555,311,Norfolk St & Broome St,40.7172274,-73.98802084,21013,Subscriber,1998,male,
1414,9/23/2017 12:10:29,9/23/2017 12:34:04,498,Broadway & W 32 St,40.74854862,-73.98808416,72,W 52 St & 11 Ave,40.76727216,-73.99392888,17204,Subscriber,1948,male,
617,3/31/2018 9:35:44,3/31/2018 9:46:01,258,DeKalb Ave & Vanderbilt Ave,40.68940747,-73.96885458,3663,Sterling Pl & 7 Ave,40.67716489,-73.97382796,30899,Subscriber,1996,female,
780,1/27/2018 13:28:18,1/27/2018 13:41:19,502,Henry St & Grand St,40.714215,-73.981346,301,E 2 St & Avenue B,40.72217444,-73.98368779,33275,Subscriber,1948,male,
2706,5/24/2017 11:56:01,5/24/2017 12:41:08,284,Greenwich Ave & 8 Ave,40.73901691,-74.00263761,3370,E 78 St & 2 Ave,40.7727966,-73.95577801,29367,Subscriber,1999,male,
251,6/16/2016 13:06:42,6/16/2016 13:10:54,229,Great Jones St,40.72743423,-73.99379025,483,E 12 St & 3 Ave,40.73223272,-73.98889957,20511,Subscriber,1996,male,
433,11/17/2017 9:15:39,11/17/2017 9:22:53,376,John St & William St,40.70862144,-74.00722156,146,Hudson St & Reade St,40.71625008,-74.0091059,31306,Subscriber,1948,male,
2102,10/10/2015 15:40:39,10/10/2015 16:15:42,3150,E 85 St & York Ave,40.77536905,-73.94803392,3150,E 85 St & York Ave,40.77536905,-73.94803392,17758,Subscriber,1949,male,
619,1/13/2018 21:28:19,1/13/2018 21:38:39,3398,Smith St & 9 St,40.6746957,-73.99785768,3333,Columbia St & Lorraine St,40.6747055,-74.0075572,27183,Subscriber,1996,male,
796,5/31/2017 16:17:50,5/31/2017 16:31:06,357,E 11 St & Broadway,40.73261787,-73.99158043,276,Duane St & Greenwich St,40.71748752,-74.0104554,19418,Subscriber,1951,male,
616,4/28/2017 21:02:15,4/28/2017 21:12:31,268,Howard St & Centre St,40.71910537,-73.99973337,356,Bialystoker Pl & Delancey St,40.71622644,-73.98261206,28490,Subscriber,1942,male,
1143,9/4/2016 19:01:38,9/4/2016 19:20:41,501,FDR Drive & E 35 St,40.744219,-73.97121214,445,E 10 St & Avenue A,40.72740794,-73.98142006,19086,Subscriber,1945,male,
198,2/23/2018 16:56:11,2/23/2018 16:59:29,301,E 2 St & Avenue B,40.72217444,-73.98368779,403,E 2 St & 2 Ave,40.72502876,-73.99069656,14581,Subscriber,1996,male,
2787,6/25/2016 19:16:44,6/25/2016 20:03:11,510,W 51 St & 6 Ave,40.7606597,-73.98042047,346,Bank St & Hudson St,40.73652889,-74.00618026,20608,Subscriber,1952,female,
462,9/10/2014 11:41:24,9/10/2014 11:49:06,296,Division St & Bowery,40.71413089,-73.9970468,320,Leonard St & Church St,40.717571,-74.005549,18903,Subscriber,1948,male,
775,3/29/2015 16:08:00,3/29/2015 16:21:00,336,Sullivan St & Washington Sq,40.73047747,-73.99906065,509,9 Ave & W 22 St,40.7454973,-74.00197139,17605,Subscriber,1952,male,
1210,4/4/2015 10:21:15,4/4/2015 10:41:26,285,Broadway & E 14 St,40.73454567,-73.99074142,494,W 26 St & 8 Ave,40.74734825,-73.99723551,19998,Subscriber,1948,male,
1006,5/4/2017 9:02:16,5/4/2017 9:19:03,432,E 7 St & Avenue A,40.72621788,-73.98379855,3258,W 27 St & 10 Ave,40.75018156,-74.00218427,15503,Subscriber,1997,male,
262,9/25/2015 20:33:23,9/25/2015 20:37:46,391,Clark St & Henry St,40.69760127,-73.99344559,392,Jay St & Tech Pl,40.695065,-73.987167,23310,Subscriber,1996,male,
832,5/9/2018 11:39:31,5/9/2018 11:53:23,327,Vesey Pl & River Terrace,40.7153379,-74.01658354,350,Clinton St & Grand St,40.71559509,-73.9870295,32332,Subscriber,1999,male,
456,7/12/2016 17:37:04,7/12/2016 17:44:40,350,Clinton St & Grand St,40.71559509,-73.9870295,401,Allen St & Rivington St,40.72019576,-73.98997825,23193,Subscriber,1951,female,
786,7/7/2016 15:28:05,7/7/2016 15:41:12,401,Allen St & Rivington St,40.72019576,-73.98997825,532,S 5 Pl & S 4 St,40.710451,-73.960876,18839,Subscriber,1996,male,
312,1/7/2018 16:53:03,1/7/2018 16:58:16,3438,E 76 St & 3 Ave,40.77224854,-73.95842135,3147,E 85 St & 3 Ave,40.77801203,-73.95407149,30211,Subscriber,1998,male,
967,6/11/2014 20:41:31,6/11/2014 20:57:38,284,Greenwich Ave & 8 Ave,40.73901691,-74.00263761,483,E 12 St & 3 Ave,40.73223272,-73.98889957,16003,Subscriber,1997,male,
891,7/28/2016 11:20:16,7/28/2016 11:35:08,470,W 20 St & 8 Ave,40.74345335,-74.00004031,461,E 20 St & 2 Ave,40.73587678,-73.98205027,22397,Subscriber,1948,male,
288,2/16/2018 12:10:01,2/16/2018 12:14:50,433,E 13 St & Avenue A,40.72955361,-73.98057249,3656,E 2 St & Avenue A,40.72307749,-73.98583621,20940,Subscriber,2000,female,
103,5/10/2018 17:25:37,5/10/2018 17:27:20,301,E 2 St & Avenue B,40.72217444,-73.98368779,317,E 6 St & Avenue B,40.72453734,-73.98185424,30221,Subscriber,1996,male,
2421,10/7/2015 23:31:25,10/8/2015 0:11:47,3178,Riverside Dr & W 78 St,40.78414472,-73.98362492,330,Reade St & Broadway,40.71450451,-74.00562789,23793,Subscriber,1952,male,
381,7/15/2014 7:07:49,7/15/2014 7:14:10,327,Vesey Pl & River Terrace,40.7153379,-74.01658354,276,Duane St & Greenwich St,40.71748752,-74.0104554,18804,Subscriber,1951,female,
183,8/4/2015 9:03:29,8/4/2015 9:06:33,507,E 25 St & 2 Ave,40.73912601,-73.97973776,461,E 20 St & 2 Ave,40.73587678,-73.98205027,16901,Subscriber,1996,male,
1748,7/25/2017 13:30:45,7/25/2017 13:59:53,3130,21 St & Queens Plaza North,40.75325964,-73.94335788,546,E 30 St & Park Ave S,40.74444921,-73.98303529,30139,Subscriber,1998,male,
288,7/11/2014 0:51:12,7/11/2014 0:56:00,223,W 13 St & 7 Ave,40.73781509,-73.99994661,238,Bank St & Washington St,40.7361967,-74.00859207,19225,Subscriber,1996,male,
1344,9/22/2016 17:34:04,9/22/2016 17:56:29,3357,W 106 St & Amsterdam Ave,40.8008363,-73.96644925,3158,W 63 St & Broadway,40.77163851,-73.98261428,24875,Subscriber,1950,male,
953,2/17/2015 17:59:00,2/17/2015 18:14:00,325,E 19 St & 3 Ave,40.73624527,-73.98473765,517,Pershing Square South,40.751581,-73.97791,18133,Subscriber,1952,male,
160,10/7/2017 16:11:45,10/7/2017 16:14:26,408,Market St & Cherry St,40.71076228,-73.99400398,408,Market St & Cherry St,40.71076228,-73.99400398,20212,Subscriber,1998,male,
434,7/19/2013 17:54:10,7/19/2013 18:01:24,382,University Pl & E 14 St,40.73492695,-73.99200509,540,Lexington Ave & E 26 St,40.74147286,-73.98320928,16007,Subscriber,1952,male,
1048,5/6/2014 10:20:36,5/6/2014 10:38:04,385,E 55 St & 2 Ave,40.75797322,-73.96603308,493,W 45 St & 6 Ave,40.7568001,-73.98291153,18140,Subscriber,1942,male,
352,1/31/2018 20:10:32,1/31/2018 20:16:24,349,Rivington St & Ridge St,40.71850211,-73.98329859,433,E 13 St & Avenue A,40.72955361,-73.98057249,33167,Subscriber,1996,male,
787,7/7/2017 14:15:30,7/7/2017 14:28:37,3171,Amsterdam Ave & W 82 St,40.78524672,-73.97667321,3141,1 Ave & E 68 St,40.76500525,-73.95818491,25969,Subscriber,1939,male,
425,7/26/2016 18:57:09,7/26/2016 19:04:15,358,Christopher St & Greenwich St,40.73291553,-74.00711384,345,W 13 St & 6 Ave,40.73649403,-73.99704374,19091,Subscriber,1999,male,
159,5/25/2015 13:52:52,5/25/2015 13:55:31,468,Broadway & W 55 St,40.7652654,-73.98192338,173,Broadway & W 49 St,40.76064679,-73.98442659,21025,Subscriber,1945,female,
412,3/3/2016 17:32:54,3/3/2016 17:39:47,236,St Marks Pl & 2 Ave,40.7284186,-73.98713956,266,Avenue D & E 8 St,40.72368361,-73.97574813,14922,Subscriber,1945,male,
759,8/17/2017 15:37:26,8/17/2017 15:50:05,509,9 Ave & W 22 St,40.7454973,-74.00197139,357,E 11 St & Broadway,40.73261787,-73.99158043,29567,Subscriber,1998,female,
220,2/5/2018 17:01:04,2/5/2018 17:04:44,72,W 52 St & 11 Ave,40.76727216,-73.99392888,478,11 Ave & W 41 St,40.76030096,-73.99884222,27247,Subscriber,1947,male,
512,8/10/2017 9:10:21,8/10/2017 9:18:54,330,Reade St & Broadway,40.71450451,-74.00562789,3474,6 Ave & Spring St,40.7252557,-74.00412083,28531,Subscriber,1997,male,
189,3/15/2016 17:57:57,3/15/2016 18:01:06,284,Greenwich Ave & 8 Ave,40.73901691,-74.00263761,238,Bank St & Washington St,40.7361967,-74.00859207,23940,Subscriber,1951,male,
421,5/22/2018 12:33:22,5/22/2018 12:40:23,498,Broadway & W 32 St,40.74854862,-73.98808416,3635,W 36 St & 9 Ave,40.75462324,-73.99516761,32233,Subscriber,1996,male,
764,10/14/2013 7:56:44,10/14/2013 8:09:28,2022,E 59 St & Sutton Pl,40.75849116,-73.95920622,517,Pershing Square S,40.75149263,-73.97798848,20617,Subscriber,1949,male,
361,10/22/2017 22:02:19,10/22/2017 22:08:21,285,Broadway & E 14 St,40.73454567,-73.99074142,433,E 13 St & Avenue A,40.72955361,-73.98057249,27379,Subscriber,1996,male,
479,11/30/2015 23:52:24,12/1/2015 0:00:24,461,E 20 St & 2 Ave,40.73587678,-73.98205027,312,Allen St & E Houston St,40.722055,-73.989111,24273,Subscriber,1997,male,
227,8/20/2015 19:42:54,8/20/2015 19:46:42,293,Lafayette St & E 8 St,40.73028666,-73.9907647,297,E 15 St & 3 Ave,40.734232,-73.986923,23686,Subscriber,1951,male,
669,7/16/2014 13:11:09,7/16/2014 13:22:18,528,2 Ave & E 31 St,40.74290902,-73.97706058,466,W 25 St & 6 Ave,40.74395411,-73.99144871,18800,Subscriber,1948,male,
996,10/13/2015 11:27:16,10/13/2015 11:43:52,441,E 52 St & 2 Ave,40.756014,-73.967416,362,Broadway & W 37 St,40.75172632,-73.98753523,21052,Subscriber,1944,female,
290,5/9/2018 19:58:24,5/9/2018 20:03:15,3306,10 St & 7 Ave,40.6662078,-73.98199886,3346,Berkeley Pl & 7 Ave,40.67514684,-73.97523209,25735,Subscriber,2000,female,
339,12/6/2017 6:58:04,12/6/2017 7:03:44,238,Bank St & Washington St,40.7361967,-74.00859207,470,W 20 St & 8 Ave,40.74345335,-74.00004031,27093,Subscriber,1951,male,
363,9/17/2013 12:53:52,9/17/2013 12:59:55,229,Great Jones St,40.72743423,-73.99379025,128,MacDougal St & Prince St,40.72710258,-74.00297088,18445,Subscriber,1950,female,
548,10/31/2017 21:52:29,10/31/2017 22:01:38,336,Sullivan St & Washington Sq,40.73047747,-73.99906065,297,E 15 St & 3 Ave,40.734232,-73.986923,32642,Subscriber,1998,male,
458,4/11/2018 13:27:24,4/11/2018 13:35:03,311,Norfolk St & Broome St,40.7172274,-73.98802084,386,Centre St & Worth St,40.71494807,-74.00234482,15357,Subscriber,1998,male,
259,7/18/2016 8:23:06,7/18/2016 8:27:26,263,Elizabeth St & Hester St,40.71759082,-73.9962244,330,Reade St & Broadway,40.71450451,-74.00562789,14942,Subscriber,1997,female,
600,9/29/2013 12:30:35,9/29/2013 12:40:35,153,E 40 St & 5 Ave,40.75206231,-73.9816324,503,E 20 St & Park Ave,40.73827428,-73.98751968,19496,Subscriber,1944,male,
342,9/21/2014 15:25:11,9/21/2014 15:30:53,465,Broadway & W 41 St,40.75513557,-73.98658032,362,Broadway & W 37 St,40.75172632,-73.98753523,16755,Subscriber,1943,male,
673,8/29/2016 12:49:05,8/29/2016 13:00:18,224,Spruce St & Nassau St,40.71146364,-74.00552427,415,Pearl St & Hanover Square,40.7047177,-74.00926027,23236,Subscriber,1948,female,
91,4/6/2017 18:10:04,4/6/2017 18:11:36,326,E 11 St & 1 Ave,40.72953837,-73.98426726,504,1 Ave & E 16 St,40.73221853,-73.98165557,27566,Subscriber,1996,male,
141,4/24/2015 12:58:03,4/24/2015 13:00:25,410,Suffolk St & Stanton St,40.72066442,-73.98517977,311,Norfolk St & Broome St,40.7172274,-73.98802084,17094,Subscriber,1941,female,
216,2/28/2018 8:49:05,2/28/2018 8:52:41,3538,W 110 St & Amsterdam Ave,40.802692,-73.96295,3542,Amsterdam Ave & W 119 St,40.8086249,-73.9596214,32951,Subscriber,1997,male,
735,6/25/2014 8:08:53,6/25/2014 8:21:08,358,Christopher St & Greenwich St,40.73291553,-74.00711384,79,Franklin St & W Broadway,40.71911552,-74.00666661,21479,Subscriber,1949,male,
277,12/20/2013 8:48:01,12/20/2013 8:52:38,496,E 16 St & 5 Ave,40.73726186,-73.99238967,357,E 11 St & Broadway,40.73261787,-73.99158043,15887,Subscriber,1945,male,
454,9/21/2015 17:54:32,9/21/2015 18:02:07,426,West St & Chambers St,40.71754834,-74.01322069,3002,South End Ave & Liberty St,40.711512,-74.015756,17488,Subscriber,1950,male,
737,6/23/2017 18:30:05,6/23/2017 18:42:22,501,FDR Drive & E 35 St,40.744219,-73.97121214,445,E 10 St & Avenue A,40.72740794,-73.98142006,16118,Subscriber,1996,male,
607,5/18/2016 14:49:30,5/18/2016 14:59:37,488,W 39 St & 9 Ave,40.75645824,-73.99372222,517,Pershing Square South,40.751581,-73.97791,22103,Subscriber,1952,male,
207,2/19/2018 12:54:07,2/19/2018 12:57:35,403,E 2 St & 2 Ave,40.72502876,-73.99069656,410,Suffolk St & Stanton St,40.72066442,-73.98517977,25333,Subscriber,1938,male,
261,9/27/2017 15:43:54,9/27/2017 15:48:15,537,Lexington Ave & E 24 St,40.74025878,-73.98409214,444,Broadway & W 24 St,40.7423543,-73.98915076,16654,Subscriber,1952,male,
378,6/12/2015 18:21:00,6/12/2015 18:27:00,448,W 37 St & 10 Ave,40.75660359,-73.9979009,529,W 42 St & 8 Ave,40.7575699,-73.99098507,19392,Subscriber,1952,unknown,
381,12/11/2017 16:59:10,12/11/2017 17:05:31,229,Great Jones St,40.72743423,-73.99379025,531,Forsyth St & Broome St,40.71893904,-73.99266288,32545,Subscriber,1996,male,
1485,11/18/2015 7:34:43,11/18/2015 7:59:29,3140,1 Ave & E 78 St,40.77140426,-73.9535166,515,W 43 St & 10 Ave,40.76009437,-73.99461843,18472,Subscriber,1950,male,
997,6/30/2017 21:16:34,6/30/2017 21:33:12,3417,Baltic St & 5 Ave,40.6795766,-73.97854971,364,Lafayette Ave & Classon Ave,40.68900443,-73.96023854,29695,Subscriber,1997,male,
290,7/12/2016 8:20:22,7/12/2016 8:25:12,263,Elizabeth St & Hester St,40.71759082,-73.9962244,330,Reade St & Broadway,40.71450451,-74.00562789,15842,Subscriber,1997,female,
194,4/29/2016 8:41:17,4/29/2016 8:44:32,3016,Kent Ave & N 7 St,40.72036775,-73.96165073,3093,N 6 St & Bedford Ave,40.71745169,-73.95850939,17041,Subscriber,1950,female,
729,6/20/2014 7:25:49,6/20/2014 7:37:58,147,Greenwich St & Warren St,40.71542197,-74.01121978,295,Pike St & E Broadway,40.71406667,-73.99293911,15085,Subscriber,1943,male,
91,6/22/2017 23:58:02,6/22/2017 23:59:34,376,John St & William St,40.70862144,-74.00722156,351,Front St & Maiden Ln,40.70530954,-74.00612572,29632,Subscriber,1999,male,
1563,12/22/2015 18:17:59,12/22/2015 18:44:02,250,Lafayette St & Jersey St,40.72456089,-73.99565293,518,E 39 St & 2 Ave,40.74780373,-73.9734419,23013,Subscriber,1949,male,
2135,5/2/2018 8:30:24,5/2/2018 9:05:59,3169,Riverside Dr & W 82 St,40.78720869,-73.98128127,465,Broadway & W 41 St,40.75513557,-73.98658032,30651,Subscriber,1945,male,
451,8/23/2014 17:27:58,8/23/2014 17:35:29,510,W 51 St & 6 Ave,40.7606597,-73.98042047,533,Broadway & W 39 St,40.75299641,-73.98721619,15883,Subscriber,1951,male,
979,7/7/2017 16:56:32,7/7/2017 17:12:52,3163,Central Park West & W 68 St,40.7734066,-73.97782542,3294,E 91 St & Park Ave,40.7835016,-73.955327,26043,Subscriber,1948,male,
414,8/27/2017 11:35:12,8/27/2017 11:42:07,3326,Clinton St & Centre St,40.67434,-74.00194698,3384,Smith St & 3 St,40.6787242,-73.99599099,25691,Subscriber,2001,female,
243,7/19/2013 19:11:21,7/19/2013 19:15:24,320,Church St & Leonard St,40.71743998,-74.00583475,319,Park Pl & Church St,40.71336124,-74.00937622,18560,Subscriber,1950,male,
839,8/2/2013 9:24:53,8/2/2013 9:38:52,168,W 18 St & 6 Ave,40.73971301,-73.99456405,517,Pershing Square S,40.75149263,-73.97798848,17780,Subscriber,1952,male,
264,9/20/2016 13:04:45,9/20/2016 13:09:10,3288,E 88 St & 1 Ave,40.778301,-73.9488134,3140,1 Ave & E 78 St,40.77140426,-73.9535166,20951,Subscriber,1999,male,
2130,12/29/2017 21:33:06,12/29/2017 22:08:36,460,S 4 St & Wythe Ave,40.71285887,-73.96590294,326,E 11 St & 1 Ave,40.72953837,-73.98426726,28499,Subscriber,1997,male,
509,5/5/2017 18:51:43,5/5/2017 19:00:12,402,Broadway & E 22 St,40.7403432,-73.98955109,336,Sullivan St & Washington Sq,40.73047747,-73.99906065,17901,Subscriber,2001,male,
266,11/8/2017 18:47:49,11/8/2017 18:52:16,432,E 7 St & Avenue A,40.72621788,-73.98379855,483,E 12 St & 3 Ave,40.73223272,-73.98889957,19736,Subscriber,1999,male,
228,7/29/2016 12:42:16,7/29/2016 12:46:05,280,E 10 St & 5 Ave,40.73331967,-73.99510132,383,Greenwich Ave & Charles St,40.735238,-74.000271,22410,Subscriber,1943,male,
373,7/21/2015 17:07:23,7/21/2015 17:13:36,285,Broadway & E 14 St,40.73454567,-73.99074142,375,Mercer St & Bleecker St,40.72679454,-73.99695094,21586,Subscriber,1941,male,
933,3/23/2016 11:43:08,3/23/2016 11:58:42,276,Duane St & Greenwich St,40.71748752,-74.0104554,297,E 15 St & 3 Ave,40.734232,-73.986923,19820,Subscriber,1952,male,
335,5/3/2018 16:56:28,5/3/2018 17:02:04,479,9 Ave & W 45 St,40.76019252,-73.9912551,529,W 42 St & 8 Ave,40.7575699,-73.99098507,14685,Subscriber,1950,female,
1827,8/14/2017 11:25:12,8/14/2017 11:55:39,3282,5 Ave & E 88 St,40.78307,-73.95939,485,W 37 St & 5 Ave,40.75038009,-73.98338988,28661,Customer,1999,male,
563,5/17/2014 13:56:20,5/17/2014 14:05:43,457,Broadway & W 58 St,40.76695317,-73.98169333,423,W 54 St & 9 Ave,40.76584941,-73.98690506,20876,Subscriber,1997,male,
480,11/25/2015 8:40:54,11/25/2015 8:48:55,358,Christopher St & Greenwich St,40.73291553,-74.00711384,79,Franklin St & W Broadway,40.71911552,-74.00666661,15170,Subscriber,1950,male,
231,6/16/2017 21:26:34,6/16/2017 21:30:25,3140,1 Ave & E 78 St,40.77140426,-73.9535166,3447,E 71 St & 1 Ave,40.76703432,-73.9562273,16457,Subscriber,1999,male,
909,6/23/2017 12:04:09,6/23/2017 12:19:18,320,Leonard St & Church St,40.717571,-74.005549,432,E 7 St & Avenue A,40.72621788,-73.98379855,28165,Subscriber,1951,male,
1019,8/31/2016 17:37:42,8/31/2016 17:54:41,315,South St & Gouverneur Ln,40.70355377,-74.00670227,511,E 14 St & Avenue B,40.72938685,-73.97772429,14615,Subscriber,1900,male,
425,12/7/2015 13:45:02,12/7/2015 13:52:07,472,E 32 St & Park Ave,40.7457121,-73.98194829,440,E 45 St & 3 Ave,40.75255434,-73.97282625,16735,Subscriber,1951,male,
352,9/22/2015 11:58:49,9/22/2015 12:04:41,2003,1 Ave & E 18 St,40.73381219,-73.98054421,483,E 12 St & 3 Ave,40.73223272,-73.98889957,20652,Subscriber,1996,male,
1091,10/11/2017 17:36:21,10/11/2017 17:54:32,228,E 48 St & 3 Ave,40.7546011,-73.97187886,312,Allen St & Stanton St,40.722055,-73.989111,20718,Subscriber,1997,female,
833,5/14/2015 23:41:28,5/14/2015 23:55:22,297,E 15 St & 3 Ave,40.734232,-73.986923,326,E 11 St & 1 Ave,40.72953837,-73.98426726,16554,Subscriber,1950,male,
233,12/15/2014 17:17:00,12/15/2014 17:20:53,217,Old Fulton St,40.70277159,-73.99383605,430,York St & Jay St,40.7014851,-73.98656928,19776,Subscriber,1952,male,
1704,1/6/2015 7:47:00,1/6/2015 8:15:00,521,8 Ave & W 31 St,40.75044999,-73.99481051,417,Barclay St & Church St,40.71291224,-74.01020234,21269,Subscriber,1950,male,
123,7/28/2016 16:48:56,7/28/2016 16:50:59,536,1 Ave & E 30 St,40.74144387,-73.97536082,527,E 33 St & 2 Ave,40.744023,-73.976056,16538,Subscriber,1998,male,
247,11/25/2014 20:39:35,11/25/2014 20:43:42,2008,Little West St & 1 Pl,40.70569254,-74.01677685,3002,South End Ave & Liberty St,40.711512,-74.015756,14959,Subscriber,1944,male,
2237,9/2/2017 8:48:28,9/2/2017 9:25:45,3137,5 Ave & E 73 St,40.77282817,-73.96685276,281,Grand Army Plaza & Central Park S,40.7643971,-73.97371465,17797,Subscriber,1998,female,
195,5/5/2014 18:50:32,5/5/2014 18:53:47,380,W 4 St & 7 Ave S,40.73401143,-74.00293877,254,W 11 St & 6 Ave,40.73532427,-73.99800419,21645,Subscriber,1946,male,
245,11/16/2017 0:18:57,11/16/2017 0:23:03,471,Grand St & Havemeyer St,40.71286844,-73.95698119,3077,Stagg St & Union Ave,40.70877084,-73.95095259,19531,Subscriber,1950,male,
400,7/13/2016 16:35:41,7/13/2016 16:42:21,2003,1 Ave & E 18 St,40.73381219,-73.98054421,300,Shevchenko Pl & E 7 St,40.728145,-73.990214,17407,Subscriber,1997,male,
623,7/20/2015 7:35:52,7/20/2015 7:46:16,455,1 Ave & E 44 St,40.75001986,-73.96905301,493,W 45 St & 6 Ave,40.7568001,-73.98291153,22442,Subscriber,1885,unknown,
1608,3/30/2018 11:31:02,3/30/2018 11:57:51,386,Centre St & Worth St,40.71494807,-74.00234482,3440,Fulton St & Adams St,40.69241829,-73.98949474,30524,Subscriber,1996,male,
871,10/23/2013 17:59:35,10/23/2013 18:14:06,457,Broadway & W 58 St,40.76695317,-73.98169333,524,W 43 St & 6 Ave,40.75527307,-73.98316936,17840,Subscriber,1951,male,
713,1/8/2016 8:25:41,1/8/2016 8:37:34,500,Broadway & W 51 St,40.76228826,-73.98336183,512,W 29 St & 9 Ave,40.7500727,-73.99839279,17715,Subscriber,1949,male,
1344,5/29/2018 23:35:36,5/29/2018 23:58:00,3232,Bond St & Fulton St,40.68962189,-73.98304269,146,Hudson St & Reade St,40.71625008,-74.0091059,31656,Customer,1996,male,
1471,10/28/2017 9:56:13,10/28/2017 10:20:45,3423,West Drive & Prospect Park West,40.66106337,-73.97945255,3409,Bergen St & Smith St,40.6867443,-73.99063168,15595,Subscriber,1944,unknown,
676,12/24/2017 11:57:38,12/24/2017 12:08:55,519,Pershing Square North,40.751873,-73.977706,3142,1 Ave & E 62 St,40.7612274,-73.96094022,29781,Subscriber,1952,male,
960,10/31/2015 12:43:09,10/31/2015 12:59:09,3177,W 84 St & Broadway,40.7867947,-73.977112,450,W 49 St & 8 Ave,40.76227205,-73.98788205,22554,Subscriber,1947,male,
847,5/2/2018 20:26:59,5/2/2018 20:41:06,426,West St & Chambers St,40.71754834,-74.01322069,335,Washington Pl & Broadway,40.72903917,-73.99404649,20085,Subscriber,1945,male,
1994,8/30/2016 13:34:33,8/30/2016 14:07:48,285,Broadway & E 14 St,40.73454567,-73.99074142,224,Spruce St & Nassau St,40.71146364,-74.00552427,22860,Subscriber,1996,male,
64,9/27/2017 15:23:19,9/27/2017 15:24:23,453,W 22 St & 8 Ave,40.74475148,-73.99915362,453,W 22 St & 8 Ave,40.74475148,-73.99915362,21491,Subscriber,1940,male,
851,7/27/2013 20:38:46,7/27/2013 20:52:57,439,E 4 St & 2 Ave,40.7262807,-73.98978041,307,Canal St & Rutgers St,40.71427487,-73.98990025,15249,Subscriber,1949,female,
274,8/5/2015 18:07:23,8/5/2015 18:11:57,380,W 4 St & 7 Ave S,40.73401143,-74.00293877,345,W 13 St & 6 Ave,40.73649403,-73.99704374,22330,Subscriber,1997,male,
407,11/25/2015 8:08:00,11/25/2015 8:14:47,3230,Penn Station Valet,40.7512836,-73.99692446,463,9 Ave & W 16 St,40.74206539,-74.00443172,20599,Subscriber,1951,male,
357,7/12/2013 12:07:34,7/12/2013 12:13:31,519,Pershing Square N,40.75188406,-73.97770164,524,W 43 St & 6 Ave,40.75527307,-73.98316936,15165,Subscriber,1949,male,
1034,9/20/2016 21:40:55,9/20/2016 21:58:09,537,Lexington Ave & E 24 St,40.74025878,-73.98409214,526,E 33 St & 5 Ave,40.74765947,-73.98490707,25698,Subscriber,1996,male,
1865,6/14/2017 22:20:34,6/14/2017 22:51:40,390,Duffield St & Willoughby St,40.69221589,-73.9842844,363,West Thames St,40.70834698,-74.01713445,26753,Subscriber,1949,female,
2803,10/21/2017 14:48:55,10/21/2017 15:35:38,3555,28 St & 41 Ave,40.751047,-73.93797,3532,Ditmars Blvd & 19 St,40.78145,-73.9183302,17321,Subscriber,1998,female,
493,10/9/2015 8:39:12,10/9/2015 8:47:25,262,Washington Park,40.6917823,-73.9737299,390,Duffield St & Willoughby St,40.69221589,-73.9842844,18406,Subscriber,1948,male,
457,2/6/2018 6:56:20,2/6/2018 7:03:58,387,Centre St & Chambers St,40.71273266,-74.0046073,331,Pike St & Monroe St,40.71173107,-73.99193043,20204,Subscriber,1996,female,
210,12/18/2017 8:13:20,12/18/2017 8:16:51,537,Lexington Ave & E 24 St,40.74025878,-73.98409214,476,E 31 St & 3 Ave,40.74394314,-73.97966069,15414,Subscriber,1948,male,
491,1/22/2018 12:10:28,1/22/2018 12:18:40,3435,Grand St & Elizabeth St,40.718822,-73.99596,502,Henry St & Grand St,40.714215,-73.981346,25882,Subscriber,2000,female,
468,9/1/2017 7:17:09,9/1/2017 7:24:57,3169,Riverside Dr & W 82 St,40.78720869,-73.98128127,530,11 Ave & W 59 St,40.771522,-73.990541,19644,Subscriber,1952,female,
210,7/22/2015 14:27:43,7/22/2015 14:31:14,348,W Broadway & Spring St,40.72490985,-74.00154702,161,LaGuardia Pl & W 3 St,40.72917025,-73.99810231,20793,Subscriber,1945,female,
1029,6/11/2015 22:05:00,6/11/2015 22:22:00,161,LaGuardia Pl & W 3 St,40.72917025,-73.99810231,532,S 5 Pl & S 4 St,40.710451,-73.960876,20542,Subscriber,1996,male,
2431,4/29/2015 17:57:26,4/29/2015 18:37:57,422,W 59 St & 10 Ave,40.770513,-73.988038,229,Great Jones St,40.72743423,-73.99379025,20712,Subscriber,1997,male,
105,8/21/2017 11:39:46,8/21/2017 11:41:32,539,Metropolitan Ave & Bedford Ave,40.71534825,-73.96024116,481,S 3 St & Bedford Ave,40.71260486,-73.96264403,16746,Subscriber,1997,male,
993,6/8/2017 8:04:09,6/8/2017 8:20:42,326,E 11 St & 1 Ave,40.72953837,-73.98426726,3258,W 27 St & 10 Ave,40.75018156,-74.00218427,25993,Subscriber,1996,male,
2266,8/24/2016 22:54:31,8/24/2016 23:32:18,382,University Pl & E 14 St,40.73492695,-73.99200509,447,8 Ave & W 52 St,40.76370739,-73.9851615,21240,Subscriber,1996,male,
314,10/25/2013 16:26:15,10/25/2013 16:31:29,334,W 20 St & 7 Ave,40.74238787,-73.99726235,434,9 Ave & W 18 St,40.74317449,-74.00366443,19737,Subscriber,1945,male,
679,2/8/2015 15:36:00,2/8/2015 15:47:00,147,Greenwich St & Warren St,40.71542197,-74.01121978,3002,South End Ave & Liberty St,40.711512,-74.015756,14694,Subscriber,1943,male,
341,4/21/2017 11:40:40,4/21/2017 11:46:21,3066,Tompkins Ave & Hopkins St,40.69957608,-73.94708417,3073,Division Ave & Hooper St,40.70691254,-73.95441667,21292,Subscriber,1996,female,
1332,2/21/2018 17:45:35,2/21/2018 18:07:48,398,Atlantic Ave & Furman St,40.69165183,-73.9999786,3319,14 St & 5 Ave,40.666287,-73.98895053,14768,Subscriber,2000,male,
1424,8/4/2016 11:13:57,8/4/2016 11:37:41,469,Broadway & W 53 St,40.76344058,-73.98268129,3244,University Pl & E 8 St,40.73143724,-73.99490342,25900,Subscriber,2000,male,
745,3/23/2018 18:22:06,3/23/2018 18:34:31,3570,35 Ave & 37 St,40.7557327,-73.9236611,3126,44 Dr & Jackson Ave,40.74718234,-73.9432635,31255,Subscriber,1887,unknown,
522,1/16/2014 17:42:46,1/16/2014 17:51:28,382,University Pl & E 14 St,40.73492695,-73.99200509,223,W 13 St & 7 Ave,40.73781509,-73.99994661,20275,Subscriber,1952,male,
1385,9/23/2017 21:09:01,9/23/2017 21:32:06,408,Market St & Cherry St,40.71076228,-73.99400398,259,South St & Whitehall St,40.70122128,-74.01234218,18521,Subscriber,1998,male,
1075,8/21/2014 8:31:21,8/21/2014 8:49:16,519,E 42 St & Vanderbilt Ave,40.752416,-73.97837,330,Reade St & Broadway,40.71450451,-74.00562789,19408,Subscriber,1951,male,
345,11/10/2017 20:45:02,11/10/2017 20:50:47,435,W 21 St & 6 Ave,40.74173969,-73.99415556,453,W 22 St & 8 Ave,40.74475148,-73.99915362,18137,Subscriber,1950,male,
401,10/31/2013 19:13:20,10/31/2013 19:20:01,308,St James Pl & Oliver St,40.71307916,-73.99851193,264,Maiden Ln & Pearl St,40.70706456,-74.00731853,20578,Subscriber,1932,female,
161,9/17/2016 16:18:03,9/17/2016 16:20:44,341,Stanton St & Mangin St,40.71782143,-73.97628939,342,Columbia St & Rivington St,40.71739973,-73.98016555,27185,Subscriber,1948,female,
295,12/4/2017 17:39:55,12/4/2017 17:44:50,161,LaGuardia Pl & W 3 St,40.72917025,-73.99810231,483,E 12 St & 3 Ave,40.73223272,-73.98889957,26692,Subscriber,1998,male,
1872,3/3/2016 13:41:48,3/3/2016 14:13:00,3071,Boerum St & Broadway,40.70538077,-73.94976519,152,Warren St & Church St,40.71473993,-74.00910627,20717,Subscriber,1996,male,
667,3/3/2016 19:52:23,3/3/2016 20:03:30,382,University Pl & E 14 St,40.73492695,-73.99200509,394,E 9 St & Avenue C,40.72521311,-73.97768752,23780,Subscriber,1950,male,
756,9/6/2016 13:59:23,9/6/2016 14:11:59,236,St Marks Pl & 2 Ave,40.7284186,-73.98713956,161,LaGuardia Pl & W 3 St,40.72917025,-73.99810231,20523,Subscriber,1944,male,
204,7/8/2017 12:54:39,7/8/2017 12:58:04,3319,14 St & 5 Ave,40.666287,-73.98895053,3304,6 Ave & 9 St,40.668127,-73.98377641,28966,Subscriber,2000,male,
769,10/27/2017 12:24:43,10/27/2017 12:37:32,3282,5 Ave & E 88 St,40.78307,-73.95939,3323,W 106 St & Central Park West,40.7981856,-73.9605909,32305,Subscriber,1996,male,
414,3/30/2015 13:34:00,3/30/2015 13:41:00,244,Willoughby Ave & Hall St,40.69196035,-73.96536851,420,Clermont Ave & Lafayette Ave,40.68764484,-73.96968902,16660,Subscriber,1944,male,
238,3/3/2018 12:20:04,3/3/2018 12:24:03,2003,1 Ave & E 18 St,40.73381219,-73.98054421,2012,E 27 St & 1 Ave,40.739445,-73.976806,21281,Subscriber,1997,male,
765,11/26/2017 15:20:16,11/26/2017 15:33:02,3341,Central Park West & W 102 St,40.795346,-73.96186,3158,W 63 St & Broadway,40.77163851,-73.98261428,21422,Subscriber,1951,male,
277,4/5/2016 10:08:11,4/5/2016 10:12:49,127,Barrow St & Hudson St,40.73172428,-74.00674436,252,MacDougal St & Washington Sq,40.73226398,-73.99852205,23604,Subscriber,1996,male,
194,4/11/2017 10:35:22,4/11/2017 10:38:36,295,Pike St & E Broadway,40.71406667,-73.99293911,2009,Catherine St & Monroe St,40.71117444,-73.99682619,18105,Subscriber,1998,male,
584,7/18/2016 8:39:37,7/18/2016 8:49:22,537,Lexington Ave & E 24 St,40.74025878,-73.98409214,527,E 33 St & 2 Ave,40.744023,-73.976056,22117,Subscriber,1949,male,
578,11/27/2017 8:34:38,11/27/2017 8:44:16,439,E 4 St & 2 Ave,40.7262807,-73.98978041,507,E 25 St & 2 Ave,40.73912601,-73.97973776,19990,Subscriber,1998,male,
294,8/2/2017 16:18:57,8/2/2017 16:23:51,487,E 20 St & FDR Drive,40.73314259,-73.97573881,445,E 10 St & Avenue A,40.72740794,-73.98142006,20120,Subscriber,1999,male,
495,3/4/2018 12:04:03,3/4/2018 12:12:18,350,Clinton St & Grand St,40.71559509,-73.9870295,386,Centre St & Worth St,40.71494807,-74.00234482,17775,Subscriber,1942,male,
368,7/10/2015 14:48:55,7/10/2015 14:55:04,161,LaGuardia Pl & W 3 St,40.72917025,-73.99810231,380,W 4 St & 7 Ave S,40.73401143,-74.00293877,20800,Subscriber,1947,male,
2092,5/1/2018 18:05:39,5/1/2018 18:40:32,3534,Frederick Douglass Blvd & W 117 St,40.805159,-73.954692,3649,W 129 St & Convent Ave,40.81439444,-73.95324737,16386,Subscriber,1996,male,
170,5/15/2017 16:39:57,5/15/2017 16:42:47,410,Suffolk St & Stanton St,40.72066442,-73.98517977,401,Allen St & Rivington St,40.72019576,-73.98997825,18313,Subscriber,1996,male,
434,5/19/2018 16:55:54,5/19/2018 17:03:09,3304,6 Ave & 9 St,40.668127,-73.98377641,3423,West Drive & Prospect Park West,40.66106337,-73.97945255,19247,Subscriber,1999,male,
159,10/23/2017 16:41:00,10/23/2017 16:43:40,301,E 2 St & Avenue B,40.72217444,-73.98368779,432,E 7 St & Avenue A,40.72621788,-73.98379855,19775,Subscriber,1998,female,
880,10/1/2013 16:26:49,10/1/2013 16:41:29,519,Pershing Square N,40.75188406,-73.97770164,326,E 11 St & 1 Ave,40.72953837,-73.98426726,20626,Subscriber,1952,male,
1250,10/7/2017 12:58:35,10/7/2017 13:19:26,499,Broadway & W 60 St,40.76915505,-73.98191841,3139,E 72 St & Park Ave,40.77118288,-73.96409422,25086,Customer,1996,female,
598,11/20/2017 14:22:18,11/20/2017 14:32:17,3132,E 59 St & Madison Ave,40.76350532,-73.97109243,500,Broadway & W 51 St,40.76228826,-73.98336183,16658,Subscriber,1952,male,
213,10/24/2017 2:07:03,10/24/2017 2:10:36,195,Liberty St & Broadway,40.70905623,-74.01043382,415,Pearl St & Hanover Square,40.7047177,-74.00926027,14592,Subscriber,1998,male,
770,9/26/2015 13:03:02,9/26/2015 13:15:53,412,Forsyth St & Canal St,40.7158155,-73.99422366,341,Stanton St & Mangin St,40.71782143,-73.97628939,22179,Subscriber,1950,male,
314,10/25/2015 11:50:05,10/25/2015 11:55:19,509,9 Ave & W 22 St,40.7454973,-74.00197139,446,W 24 St & 7 Ave,40.74487634,-73.99529885,18700,Subscriber,1947,male,
738,9/10/2015 19:50:40,9/10/2015 20:02:59,376,John St & William St,40.70862144,-74.00722156,320,Leonard St & Church St,40.717571,-74.005549,14588,Subscriber,1949,male,
567,4/7/2015 7:51:30,4/7/2015 8:00:58,509,9 Ave & W 22 St,40.7454973,-74.00197139,546,E 30 St & Park Ave S,40.74444921,-73.98303529,20278,Subscriber,1951,male,
193,10/19/2017 15:02:22,10/19/2017 15:05:35,435,W 21 St & 6 Ave,40.74173969,-73.99415556,453,W 22 St & 8 Ave,40.74475148,-73.99915362,26099,Subscriber,1950,female,
1931,6/14/2017 19:09:08,6/14/2017 19:41:20,434,9 Ave & W 18 St,40.74317449,-74.00366443,502,Henry St & Grand St,40.714215,-73.981346,15372,Subscriber,1946,male,
986,10/11/2013 14:54:57,10/11/2013 15:11:23,167,E 39 St & 3 Ave,40.7489006,-73.97604882,545,E 23 St & 1 Ave,40.736502,-73.97809472,17707,Subscriber,1951,male,
1886,8/3/2013 12:09:25,8/3/2013 12:40:51,2017,E 43 St & 2 Ave,40.75022392,-73.97121414,517,Pershing Square S,40.75149263,-73.97798848,17253,Subscriber,1952,female,
509,8/8/2016 5:42:52,8/8/2016 5:51:21,3244,University Pl & E 8 St,40.73143724,-73.99490342,3256,Pier 40 - Hudson River Park,40.72771408,-74.01129574,23067,Subscriber,1949,male,
439,12/7/2017 10:47:58,12/7/2017 10:55:17,3415,Prospect Pl & 6 Ave,40.6793307,-73.97519523,3313,6 Ave & 12 St,40.6663181,-73.9854617,20206,Subscriber,1900,male,
732,10/1/2013 19:09:43,10/1/2013 19:21:55,440,E 45 St & 3 Ave,40.75255434,-73.97282625,2021,W 45 St & 8 Ave,40.75929124,-73.98859651,16309,Subscriber,1944,female,
680,9/7/2017 13:56:43,9/7/2017 14:08:04,540,Lexington Ave & E 29 St,40.74311555,-73.98215353,438,St Marks Pl & 1 Ave,40.72779126,-73.98564945,30625,Subscriber,1998,male,
800,10/15/2013 17:19:58,10/15/2013 17:33:18,336,Sullivan St & Washington Sq,40.73047747,-73.99906065,311,Norfolk St & Broome St,40.7172274,-73.98802084,19762,Subscriber,1948,male,
2178,4/18/2018 16:50:06,4/18/2018 17:26:25,261,Johnson St & Gold St,40.69474881,-73.98362464,3347,Van Brunt St & Wolcott St,40.6773429,-74.01275056,30015,Subscriber,1946,female,
926,5/4/2015 7:27:24,5/4/2015 7:42:51,394,E 9 St & Avenue C,40.72521311,-73.97768752,345,W 13 St & 6 Ave,40.73649403,-73.99704374,20138,Subscriber,1946,male,
527,4/5/2018 18:28:43,4/5/2018 18:37:30,3660,W 16 St & 8 Ave,40.74102151,-74.00138497,280,E 10 St & 5 Ave,40.73331967,-73.99510132,15172,Subscriber,1945,male,
586,12/6/2013 16:09:35,12/6/2013 16:19:21,442,W 27 St & 7 Ave,40.746647,-73.993915,212,W 16 St & The High Line,40.74334935,-74.00681753,20575,Subscriber,1947,male,
2093,5/24/2017 16:18:20,5/24/2017 16:53:14,223,W 13 St & 7 Ave,40.73781509,-73.99994661,3428,8 Ave & W 16 St,40.740983,-74.001702,16651,Subscriber,1998,male,
353,5/23/2018 21:39:38,5/23/2018 21:45:32,3297,6 St & 7 Ave,40.6686627,-73.97988067,3317,10 St & 5 Ave,40.6686273,-73.98700053,32133,Subscriber,1952,male,
323,4/27/2018 17:10:46,4/27/2018 17:16:10,3422,Columbia St & Degraw St,40.6859296,-74.00242364,3408,Congress St & Clinton St,40.6881529,-73.99520919,32242,Subscriber,1945,male,
1229,6/30/2017 6:10:38,6/30/2017 6:31:08,3341,Central Park West & W 102 St,40.795346,-73.96186,3176,W 64 St & West End Ave,40.77452835,-73.98753759,29352,Subscriber,1950,female,
650,12/19/2017 21:04:53,12/19/2017 21:15:43,2010,Grand St & Greene St,40.72165481,-74.00234737,302,Avenue D & E 3 St,40.72082834,-73.97793172,14839,Subscriber,1997,male,
278,1/1/2014 16:43:08,1/1/2014 16:47:46,480,W 53 St & 10 Ave,40.76669671,-73.99061728,515,W 43 St & 10 Ave,40.76009437,-73.99461843,15498,Subscriber,1951,male,
1320,8/16/2016 18:01:39,8/16/2016 18:23:39,462,W 22 St & 10 Ave,40.74691959,-74.00451887,462,W 22 St & 10 Ave,40.74691959,-74.00451887,22775,Subscriber,1951,male,